2025-03,2025,1,Enterprise,Tecnologia,Despesas Corporativas,Alimentação,Físico,PR,1,1,1,332.11,332.110000,332.11,0
2025-03,2025,1,Mid-Market,Logística,Caju Ciclos,Alimentação,Físico,RS,1,1,1,592.70,592.700000,592.70,0
2025-03,2025,1,Mid-Market,Logística,Cartão Multi Benefícios,Alimentação,Físico,PR,1,1,1,326.54,326.540000,326.54,0
2025-03,2025,1,SMB,Construção,Despesas Corporativas,Alimentação,App,MG,1,1,1,552.15,552.150000,552.15,0
2025-03,2025,1,SMB,Tecnologia,Cartão Multi Benefícios,Alimentação,Online,RS,1,1,1,21.56,21.560000,21.56,0
2025-03,2025,1,SMB,Construção,Caju Ciclos,Cultura,App,SP,1,1,1,248.45,248.450000,248.45,0
2025-03,2025,1,Mid-Market,Varejo,Caju Ciclos,Cultura,Online,PR,3,1,1,1216.74,405.580000,0.00,3
2025-03,2025,1,Enterprise,Financeiro,Caju Ciclos,Cultura,App,PR,1,1,1,29.52,29.520000,29.52,0
2025-03,2025,1,Enterprise,Financeiro,Despesas Corporativas,Cultura,Online,RS,1,1,1,659.25,659.250000,659.25,0
2025-03,2025,1,SMB,Educação,Premiações,Cultura,Físico,SP,3,1,1,1648.44,549.480000,0.00,3
2025-03,2025,1,Enterprise,Tecnologia,Caju Ciclos,Educação,Online,PR,1,1,1,481.81,481.810000,0.00,0
2025-03,2025,1,Enterprise,Varejo,Despesas Corporativas,Educação,Físico,RS,1,1,1,427.12,427.120000,427.12,0
2025-03,2025,1,Mid-Market,Logística,Cartão Multi Benefícios,Educação,Online,RS,1,1,1,764.51,764.510000,764.51,0
2025-03,2025,1,Mid-Market,Varejo,Despesas Corporativas,Educação,Físico,RS,1,1,1,270.46,270.460000,270.46,0
2025-03,2025,1,SMB,Tecnologia,Cartão Multi Benefícios,Educação,Online,RJ,1,1,1,766.59,766.590000,766.59,0
2025-03,2025,1,SMB,Educação,Cartão Multi Benefícios,Educação,App,PR,1,1,1,7.59,7.590000,7.59,0
2025-03,2025,1,SMB,Educação,Despesas Corporativas,Flex,App,MG,1,1,1,152.12,152.120000,152.12,0
2025-03,2025,1,SMB,Tecnologia,Cartão Multi Benefícios,Flex,Físico,SP,1,1,1,94.08,94.080000,94.08,0
2025-03,2025,1,Mid-Market,Varejo,Despesas Corporativas,Flex,App,PR,1,1,1,731.09,731.090000,731.09,0
2025-03,2025,1,Mid-Market,Varejo,Cartão Multi Benefícios,Flex,App,PR,1,1,1,140.72,140.720000,140.72,0
2025-03,2025,1,Enterprise,Varejo,Premiações,Flex,Online,MG,1,1,1,566.25,566.250000,566.25,0
2025-03,2025,1,Mid-Market,Logística,Caju Ciclos,Home Office,Online,MG,1,1,1,688.24,688.240000,688.24,0
2025-03,2025,1,Mid-Market,Varejo,Cartão Multi Benefícios,Home Office,App,PR,1,1,1,520.95,520.950000,520.95,0
2025-03,2025,1,SMB,Tecnologia,Cartão Multi Benefícios,Home Office,Online,RS,1,1,1,441.40,441.400000,441.40,0
2025-03,2025,1,Mid-Market,Varejo,Premiações,Home Office,App,RJ,1,1,1,232.09,232.090000,232.09,0
2025-03,2025,1,SMB,Educação,Despesas Corporativas,Mobilidade,Online,RS,1,1,1,323.73,323.730000,323.73,0
2025-03,2025,1,Mid-Market,Varejo,Despesas Corporativas,Mobilidade,Online,RJ,1,1,1,295.54,295.540000,295.54,0
2025-03,2025,1,Mid-Market,Varejo,Caju Ciclos,Mobilidade,Físico,RJ,1,1,1,660.28,660.280000,660.28,0
2025-03,2025,1,Enterprise,Tecnologia,Caju Ciclos,Mobilidade,Físico,PR,1,1,1,367.35,367.350000,367.35,0
2025-03,2025,1,Mid-Market,Varejo,Caju Ciclos,Refeição,App,RS,1,1,1,147.99,147.990000,147.99,0
2025-03,2025,1,Mid-Market,Varejo,Caju Ciclos,Refeição,Físico,PR,1,1,1,699.38,699.380000,699.38,0
2025-03,2025,1,SMB,Construção,Premiações,Refeição,Físico,RS,1,1,1,688.30,688.300000,688.30,0
2025-03,2025,1,Mid-Market,Varejo,Caju Ciclos,Saúde,Físico,SP,1,1,1,351.26,351.260000,351.26,0
2025-03,2025,1,Mid-Market,Logística,Premiações,Saúde,Físico,PR,1,1,1,391.93,391.930000,391.93,0
2025-03,2025,1,Enterprise,Tecnologia,Cartão Multi Benefícios,Saúde,App,PR,1,1,1,757.10,757.100000,757.10,0
2025-03,2025,1,Mid-Market,Varejo,Despesas Corporativas,Saúde,App,PR,1,1,1,664.99,664.990000,664.99,0
2025-03,2025,1,SMB,Construção,Caju Ciclos,Saúde,Online,PR,1,1,1,216.02,216.020000,216.02,0
2025-03,2025,1,SMB,Construção,Despesas Corporativas,Saúde,Físico,RJ,1,1,1,137.38,137.380000,137.38,0
2025-04,2025,2,Enterprise,Financeiro,Caju Ciclos,Alimentação,App,PR,1,1,1,431.81,431.810000,431.81,0
2025-04,2025,2,Enterprise,Financeiro,Cartão Multi Benefícios,Alimentação,App,RS,1,1,1,565.50,565.500000,565.50,0
2025-04,2025,2,Enterprise,Financeiro,Premiações,Alimentação,App,RS,1,1,1,640.13,640.130000,640.13,0
2025-04,2025,2,Enterprise,Tecnologia,Cartão Multi Benefícios,Alimentação,Online,RS,1,1,1,109.02,109.020000,109.02,0
2025-04,2025,2,Enterprise,Tecnologia,Despesas Corporativas,Alimentação,App,RJ,1,1,1,201.74,201.740000,201.74,0
2025-04,2025,2,Enterprise,Varejo,Cartão Multi Benefícios,Alimentação,Físico,RJ,1,1,1,375.49,375.490000,375.49,0
2025-04,2025,2,Mid-Market,Logística,Cartão Multi Benefícios,Alimentação,Físico,RS,1,1,1,345.39,345.390000,345.39,0
2025-04,2025,2,SMB,Construção,Despesas Corporativas,Alimentação,App,RS,1,1,1,593.86,593.860000,593.86,0
2025-04,2025,2,SMB,Construção,Despesas Corporativas,Alimentação,Físico,PR,1,1,1,758.02,758.020000,758.02,0
2025-04,2025,2,Mid-Market,Varejo,Premiações,Cultura,App,RJ,1,1,1,178.98,178.980000,178.98,0
2025-04,2025,2,SMB,Educação,Premiações,Cultura,App,SP,1,1,1,777.80,777.800000,777.80,0
2025-04,2025,2,SMB,Tecnologia,Caju Ciclos,Cultura,Online,PR,1,1,1,744.77,744.770000,744.77,0
2025-04,2025,2,Mid-Market,Logística,Cartão Multi Benefícios,Cultura,Físico,MG,1,1,1,521.24,521.240000,521.24,0
2025-04,2025,2,Enterprise,Varejo,Caju Ciclos,Cultura,Online,MG,3,1,1,1351.11,450.370000,0.00,3
2025-04,2025,2,Enterprise,Tecnologia,Caju Ciclos,Cultura,Físico,RS,1,1,1,103.09,103.090000,103.09,0
2025-04,2025,2,Enterprise,Tecnologia,Cartão Multi Benefícios,Educação,App,PR,1,1,1,267.40,267.400000,267.40,0
2025-04,2025,2,Enterprise,Tecnologia,Cartão Multi Benefícios,Educação,App,RS,1,1,1,68.15,68.150000,68.15,0
2025-04,2025,2,Enterprise,Varejo,Cartão Multi Benefícios,Educação,Online,PR,3,1,1,982.53,327.510000,0.00,3
2025-04,2025,2,Enterprise,Varejo,Despesas Corporativas,Educação,Físico,PR,1,1,1,55.57,55.570000,55.57,0
2025-04,2025,2,SMB,Tecnologia,Caju Ciclos,Educação,Online,RS,1,1,1,293.81,293.810000,293.81,0
2025-04,2025,2,SMB,Tecnologia,Despesas Corporativas,Educação,App,RS,1,1,1,82.57,82.570000,82.57,0
2025-04,2025,2,SMB,Educação,Despesas Corporativas,Educação,Físico,SP,3,1,1,311.76,103.920000,0.00,3
2025-04,2025,2,SMB,Saúde,Cartão Multi Benefícios,Educação,Online,RS,1,1,1,609.64,609.640000,609.64,0
2025-04,2025,2,Mid-Market,Varejo,Caju Ciclos,Educação,Físico,PR,1,1,1,471.01,471.010000,471.01,0
2025-04,2025,2,SMB,Construção,Premiações,Educação,App,SP,1,1,1,776.61,776.610000,0.00,0
2025-04,2025,2,Enterprise,Tecnologia,Premiações,Educação,Físico,PR,1,1,1,89.94,89.940000,89.94,0
2025-04,2025,2,SMB,Tecnologia,Premiações,Educação,Online,RJ,1,1,1,789.78,789.780000,789.78,0
2025-04,2025,2,SMB,Tecnologia,Premiações,Flex,Online,RS,1,1,1,126.36,126.360000,126.36,0
2025-04,2025,2,SMB,Construção,Premiações,Flex,Online,SP,1,1,1,45.24,45.240000,45.24,0
2025-04,2025,2,SMB,Educação,Caju Ciclos,Flex,App,PR,1,1,1,266.82,266.820000,266.82,0
2025-04,2025,2,Mid-Market,Varejo,Cartão Multi Benefícios,Flex,App,MG,3,1,1,1257.96,419.320000,0.00,3
2025-04,2025,2,Mid-Market,Varejo,Despesas Corporativas,Flex,Físico,RJ,1,1,1,651.20,651.200000,651.20,0
2025-04,2025,2,Mid-Market,Varejo,Premiações,Flex,Físico,RJ,1,1,1,26.05,26.050000,26.05,0
2025-04,2025,2,SMB,Saúde,Caju Ciclos,Flex,App,MG,1,1,1,569.60,569.600000,569.60,0
2025-04,2025,2,SMB,Saúde,Despesas Corporativas,Flex,Online,RJ,1,1,1,75.50,75.500000,75.50,0
2025-04,2025,2,SMB,Saúde,Premiações,Flex,App,PR,1,1,1,266.13,266.130000,266.13,0
2025-04,2025,2,Mid-Market,Agronegócio,Caju Ciclos,Flex,App,PR,1,1,1,6.96,6.960000,6.96,0
2025-04,2025,2,Mid-Market,Agronegócio,Despesas Corporativas,Flex,Online,MG,1,1,1,688.05,688.050000,688.05,0
2025-04,2025,2,Enterprise,Financeiro,Caju Ciclos,Flex,App,PR,1,1,1,532.65,532.650000,532.65,0
2025-04,2025,2,Enterprise,Varejo,Caju Ciclos,Home Office,Físico,SP,1,1,1,140.39,140.390000,140.39,0
2025-04,2025,2,Enterprise,Varejo,Caju Ciclos,Home Office,Online,RS,1,1,1,76.34,76.340000,76.34,0
2025-04,2025,2,Enterprise,Tecnologia,Despesas Corporativas,Home Office,App,PR,1,1,1,711.79,711.790000,711.79,0
2025-04,2025,2,SMB,Saúde,Premiações,Home Office,App,SP,1,1,1,508.62,508.620000,508.62,0
2025-04,2025,2,SMB,Saúde,Cartão Multi Benefícios,Home Office,App,PR,1,1,1,670.08,670.080000,670.08,0
2025-04,2025,2,SMB,Tecnologia,Premiações,Home Office,Online,MG,1,1,1,415.98,415.980000,415.98,0
2025-04,2025,2,SMB,Saúde,Caju Ciclos,Mobilidade,Online,RJ,3,1,1,1364.13,454.710000,0.00,3
2025-04,2025,2,SMB,Tecnologia,Despesas Corporativas,Mobilidade,Físico,RJ,1,1,1,654.78,654.780000,654.78,0
2025-04,2025,2,Mid-Market,Varejo,Premiações,Mobilidade,Físico,PR,1,1,1,127.88,127.880000,127.88,0
2025-04,2025,2,Enterprise,Tecnologia,Premiações,Mobilidade,Físico,PR,3,1,1,315.60,105.200000,0.00,3
2025-04,2025,2,Enterprise,Financeiro,Premiações,Mobilidade,Online,RJ,3,1,1,368.37,122.790000,0.00,3
2025-04,2025,2,Mid-Market,Agronegócio,Cartão Multi Benefícios,Mobilidade,Físico,MG,1,1,1,702.99,702.990000,702.99,0
2025-04,2025,2,Mid-Market,Agronegócio,Despesas Corporativas,Mobilidade,Online,SP,1,1,1,419.73,419.730000,419.73,0
2025-04,2025,2,Mid-Market,Logística,Despesas Corporativas,Mobilidade,App,MG,1,1,1,423.33,423.330000,423.33,0
2025-04,2025,2,Enterprise,Financeiro,Caju Ciclos,Mobilidade,App,RS,1,1,1,629.93,629.930000,629.93,0
2025-04,2025,2,Enterprise,Financeiro,Caju Ciclos,Refeição,Online,SP,1,1,1,766.49,766.490000,766.49,0
2025-04,2025,2,Mid-Market,Logística,Despesas Corporativas,Refeição,Físico,MG,1,1,1,700.78,700.780000,0.00,0
2025-04,2025,2,Mid-Market,Agronegócio,Premiações,Refeição,Online,MG,1,1,1,208.18,208.180000,208.18,0
2025-04,2025,2,Mid-Market,Agronegócio,Cartão Multi Benefícios,Refeição,App,MG,1,1,1,564.70,564.700000,564.70,0
2025-04,2025,2,Enterprise,Financeiro,Premiações,Refeição,App,RS,1,1,1,764.76,764.760000,764.76,0
2025-04,2025,2,Enterprise,Tecnologia,Caju Ciclos,Refeição,App,PR,3,1,1,2343.12,781.040000,0.00,3
2025-04,2025,2,SMB,Construção,Cartão Multi Benefícios,Refeição,App,RJ,1,1,1,427.24,427.240000,427.24,0
2025-04,2025,2,Mid-Market,Varejo,Despesas Corporativas,Refeição,Físico,RS,1,1,1,99.02,99.020000,99.02,0
2025-04,2025,2,SMB,Tecnologia,Caju Ciclos,Refeição,Online,MG,3,1,1,1947.99,649.330000,0.00,3
2025-04,2025,2,SMB,Tecnologia,Cartão Multi Benefícios,Refeição,Físico,RJ,1,1,1,269.71,269.710000,269.71,0
2025-04,2025,2,SMB,Tecnologia,Cartão Multi Benefícios,Refeição,Online,MG,1,1,1,524.44,524.440000,524.44,0
2025-04,2025,2,SMB,Educação,Despesas Corporativas,Refeição,Físico,MG,1,1,1,732.54,732.540000,732.54,0
2025-04,2025,2,SMB,Educação,Premiações,Refeição,App,PR,3,1,1,720.93,240.310000,0.00,3
2025-04,2025,2,SMB,Tecnologia,Premiações,Refeição,Online,RJ,1,1,1,128.00,128.000000,128.00,0
2025-04,2025,2,SMB,Tecnologia,Cartão Multi Benefícios,Saúde,Online,MG,1,1,1,157.59,157.590000,157.59,0
2025-04,2025,2,Mid-Market,Varejo,Premiações,Saúde,Físico,MG,1,1,1,572.52,572.520000,572.52,0
2025-04,2025,2,Mid-Market,Varejo,Premiações,Saúde,Online,RS,1,1,1,25.88,25.880000,25.88,0
2025-04,2025,2,SMB,Educação,Caju Ciclos,Saúde,App,PR,1,1,1,607.48,607.480000,607.48,0
2025-04,2025,2,Enterprise,Tecnologia,Cartão Multi Benefícios,Saúde,App,PR,1,1,1,779.08,779.080000,779.08,0
2025-04,2025,2,Enterprise,Financeiro,Premiações,Saúde,Físico,RJ,1,1,1,458.35,458.350000,0.00,0
2025-04,2025,2,Enterprise,Varejo,Caju Ciclos,Saúde,App,RJ,1,1,1,486.53,486.530000,486.53,0
2025-04,2025,2,Mid-Market,Logística,Caju Ciclos,Saúde,Físico,SP,1,1,1,229.89,229.890000,229.89,0
2025-04,2025,2,Mid-Market,Logística,Premiações,Saúde,App,RJ,1,1,1,366.31,366.310000,366.31,0
2025-04,2025,2,Mid-Market,Logística,Premiações,Saúde,Físico,RJ,1,1,1,309.96,309.960000,309.96,0
2025-05,2025,2,Enterprise,Tecnologia,Premiações,Alimentação,Físico,RJ,3,1,1,513.15,171.050000,0.00,3
2025-05,2025,2,Enterprise,Varejo,Despesas Corporativas,Alimentação,Online,PR,1,1,1,356.61,356.610000,356.61,0
2025-05,2025,2,Enterprise,Varejo,Premiações,Alimentação,App,SP,1,1,1,59.71,59.710000,59.71,0
2025-05,2025,2,Mid-Market,Agronegócio,Cartão Multi Benefícios,Alimentação,App,RJ,1,1,1,578.63,578.630000,578.63,0
2025-05,2025,2,Mid-Market,Logística,Cartão Multi Benefícios,Alimentação,Online,RJ,1,1,1,796.13,796.130000,796.13,0
2025-05,2025,2,SMB,Saúde,Caju Ciclos,Alimentação,Online,RJ,1,1,1,301.15,301.150000,301.15,0
2025-05,2025,2,SMB,Saúde,Despesas Corporativas,Alimentação,Online,PR,1,1,1,106.17,106.170000,106.17,0
2025-05,2025,2,SMB,Saúde,Premiações,Alimentação,Online,RJ,1,1,1,732.18,732.180000,732.18,0
2025-05,2025,2,SMB,Tecnologia,Despesas Corporativas,Alimentação,Físico,RS,1,1,1,445.14,445.140000,445.14,0
2025-05,2025,2,SMB,Tecnologia,Premiações,Alimentação,Físico,MG,1,1,1,489.88,489.880000,489.88,0
2025-05,2025,2,SMB,Tecnologia,Caju Ciclos,Alimentação,Online,RJ,1,1,1,643.21,643.210000,643.21,0
2025-05,2025,2,SMB,Saúde,Caju Ciclos,Cultura,App,RJ,1,1,1,322.73,322.730000,0.00,0
2025-05,2025,2,SMB,Educação,Premiações,Cultura,App,RS,1,1,1,460.67,460.670000,460.67,0
2025-05,2025,2,Mid-Market,Varejo,Premiações,Cultura,App,SP,1,1,1,504.45,504.450000,504.45,0
2025-05,2025,2,Mid-Market,Varejo,Premiações,Cultura,Online,MG,4,2,1,2636.32,659.080000,548.50,3
2025-05,2025,2,SMB,Construção,Premiações,Cultura,App,SP,1,1,1,182.45,182.450000,182.45,0
2025-05,2025,2,SMB,Construção,Premiações,Cultura,Físico,RJ,1,1,1,473.00,473.000000,473.00,0
2025-05,2025,2,SMB,Educação,Cartão Multi Benefícios,Cultura,App,RJ,3,1,1,506.37,168.790000,0.00,3
2025-05,2025,2,Enterprise,Varejo,Cartão Multi Benefícios,Cultura,Online,SP,1,1,1,129.13,129.130000,129.13,0
2025-05,2025,2,Enterprise,Varejo,Cartão Multi Benefícios,Educação,Online,SP,1,1,1,276.68,276.680000,276.68,0
2025-05,2025,2,Enterprise,Varejo,Despesas Corporativas,Educação,Físico,PR,1,1,1,752.15,752.150000,752.15,0
2025-05,2025,2,Enterprise,Varejo,Despesas Corporativas,Educação,Online,MG,1,1,1,231.14,231.140000,231.14,0
2025-05,2025,2,Mid-Market,Agronegócio,Cartão Multi Benefícios,Educação,App,PR,1,1,1,778.70,778.700000,778.70,0
2025-05,2025,2,Mid-Market,Agronegócio,Cartão Multi Benefícios,Educação,Online,RS,1,1,1,508.97,508.970000,508.97,0
2025-05,2025,2,Mid-Market,Agronegócio,Caju Ciclos,Educação,Online,PR,1,1,1,459.48,459.480000,0.00,0
2025-05,2025,2,SMB,Educação,Caju Ciclos,Educação,Físico,PR,1,1,1,170.31,170.310000,170.31,0
2025-05,2025,2,SMB,Construção,Cartão Multi Benefícios,Educação,Físico,SP,3,1,1,1067.22,355.740000,0.00,3
2025-05,2025,2,Mid-Market,Varejo,Despesas Corporativas,Educação,App,RJ,1,1,1,390.41,390.410000,390.41,0
2025-05,2025,2,Mid-Market,Varejo,Despesas Corporativas,Educação,Físico,RJ,1,1,1,73.96,73.960000,73.96,0
2025-05,2025,2,Mid-Market,Varejo,Premiações,Educação,App,PR,1,1,1,38.33,38.330000,38.33,0
2025-05,2025,2,Mid-Market,Logística,Caju Ciclos,Educação,Online,PR,1,1,1,554.29,554.290000,554.29,0
2025-05,2025,2,SMB,Tecnologia,Premiações,Educação,App,SP,1,1,1,117.61,117.610000,117.61,0
2025-05,2025,2,SMB,Tecnologia,Cartão Multi Benefícios,Educação,App,RS,1,1,1,143.52,143.520000,143.52,0
2025-05,2025,2,SMB,Tecnologia,Cartão Multi Benefícios,Educação,Físico,SP,1,1,1,795.39,795.390000,795.39,0
2025-05,2025,2,SMB,Tecnologia,Cartão Multi Benefícios,Flex,App,SP,1,1,1,371.73,371.730000,371.73,0
2025-05,2025,2,SMB,Tecnologia,Cartão Multi Benefícios,Flex,Físico,RJ,1,1,1,746.03,746.030000,746.03,0
2025-05,2025,2,SMB,Tecnologia,Premiações,Flex,App,RS,1,1,1,235.35,235.350000,235.35,0
2025-05,2025,2,Mid-Market,Logística,Cartão Multi Benefícios,Flex,Online,SP,1,1,1,203.60,203.600000,203.60,0
2025-05,2025,2,Mid-Market,Varejo,Caju Ciclos,Flex,App,SP,1,1,1,225.17,225.170000,225.17,0
2025-05,2025,2,SMB,Construção,Caju Ciclos,Flex,Físico,MG,1,1,1,379.87,379.870000,379.87,0
2025-05,2025,2,SMB,Construção,Cartão Multi Benefícios,Flex,Online,PR,1,1,1,397.37,397.370000,397.37,0
2025-05,2025,2,SMB,Educação,Cartão Multi Benefícios,Flex,App,MG,1,1,1,553.61,553.610000,553.61,0
2025-05,2025,2,Mid-Market,Agronegócio,Caju Ciclos,Flex,Físico,RS,3,1,1,1198.17,399.390000,0.00,3
2025-05,2025,2,Enterprise,Varejo,Despesas Corporativas,Flex,Físico,SP,1,1,1,139.23,139.230000,139.23,0
2025-05,2025,2,Enterprise,Tecnologia,Cartão Multi Benefícios,Flex,Físico,SP,1,1,1,349.44,349.440000,349.44,0
2025-05,2025,2,Enterprise,Tecnologia,Caju Ciclos,Flex,Físico,MG,1,1,1,720.89,720.890000,720.89,0
2025-05,2025,2,Enterprise,Financeiro,Caju Ciclos,Flex,App,SP,1,1,1,496.24,496.240000,496.24,0
2025-05,2025,2,Enterprise,Financeiro,Cartão Multi Benefícios,Flex,Físico,SP,1,1,1,619.58,619.580000,619.58,0
2025-05,2025,2,Enterprise,Financeiro,Cartão Multi Benefícios,Home Office,Físico,RJ,1,1,1,285.26,285.260000,285.26,0
2025-05,2025,2,Enterprise,Financeiro,Premiações,Home Office,Online,RS,1,1,1,56.74,56.740000,56.74,0
2025-05,2025,2,SMB,Construção,Premiações,Home Office,Físico,MG,1,1,1,530.61,530.610000,530.61,0
2025-05,2025,2,Mid-Market,Varejo,Despesas Corporativas,Home Office,Online,SP,1,1,1,524.42,524.420000,524.42,0
2025-05,2025,2,Mid-Market,Varejo,Cartão Multi Benefícios,Home Office,Físico,SP,1,1,1,64.71,64.710000,64.71,0
2025-05,2025,2,Mid-Market,Varejo,Premiações,Home Office,App,PR,1,1,1,141.21,141.210000,141.21,0
2025-05,2025,2,Mid-Market,Varejo,Premiações,Home Office,Físico,RJ,1,1,1,155.29,155.290000,155.29,0
2025-05,2025,2,Mid-Market,Varejo,Premiações,Home Office,Online,RS,1,1,1,32.79,32.790000,32.79,0
2025-05,2025,2,SMB,Saúde,Caju Ciclos,Home Office,App,RS,1,1,1,103.44,103.440000,103.44,0
2025-05,2025,2,SMB,Tecnologia,Caju Ciclos,Home Office,App,MG,1,1,1,383.65,383.650000,383.65,0
2025-05,2025,2,SMB,Tecnologia,Cartão Multi Benefícios,Mobilidade,Online,RS,1,1,1,165.91,165.910000,165.91,0
2025-05,2025,2,SMB,Tecnologia,Premiações,Mobilidade,Físico,MG,1,1,1,545.80,545.800000,545.80,0
2025-05,2025,2,Mid-Market,Varejo,Premiações,Mobilidade,App,RS,1,1,1,596.71,596.710000,596.71,0
2025-05,2025,2,Mid-Market,Varejo,Despesas Corporativas,Mobilidade,Físico,RS,1,1,1,188.30,188.300000,188.30,0
2025-05,2025,2,Mid-Market,Logística,Despesas Corporativas,Mobilidade,App,PR,3,1,1,2314.86,771.620000,0.00,3
2025-05,2025,2,Mid-Market,Logística,Despesas Corporativas,Mobilidade,Online,PR,1,1,1,247.66,247.660000,247.66,0
2025-05,2025,2,SMB,Educação,Cartão Multi Benefícios,Mobilidade,Físico,RS,1,1,1,174.96,174.960000,174.96,0
2025-05,2025,2,Enterprise,Financeiro,Despesas Corporativas,Mobilidade,Online,SP,1,1,1,417.66,417.660000,417.66,0
2025-05,2025,2,Enterprise,Varejo,Caju Ciclos,Mobilidade,Físico,MG,1,1,1,509.83,509.830000,509.83,0
2025-05,2025,2,Enterprise,Varejo,Caju Ciclos,Mobilidade,Online,RJ,1,1,1,23.80,23.800000,23.80,0
2025-05,2025,2,Enterprise,Financeiro,Cartão Multi Benefícios,Mobilidade,Online,SP,3,1,1,1141.92,380.640000,0.00,3
2025-05,2025,2,Mid-Market,Agronegócio,Caju Ciclos,Mobilidade,Físico,RS,1,1,1,711.07,711.070000,711.07,0
2025-05,2025,2,Enterprise,Tecnologia,Cartão Multi Benefícios,Refeição,App,PR,1,1,1,292.97,292.970000,292.97,0
2025-05,2025,2,Enterprise,Tecnologia,Cartão Multi Benefícios,Refeição,Online,RS,1,1,1,760.91,760.910000,760.91,0
2025-05,2025,2,Enterprise,Varejo,Despesas Corporativas,Refeição,Físico,SP,1,1,1,199.27,199.270000,199.27,0
2025-05,2025,2,Enterprise,Financeiro,Cartão Multi Benefícios,Refeição,Físico,PR,1,1,1,112.18,112.180000,112.18,0
2025-05,2025,2,SMB,Educação,Caju Ciclos,Refeição,Online,PR,1,1,1,11.11,11.110000,11.11,0
2025-05,2025,2,SMB,Construção,Caju Ciclos,Refeição,Online,MG,1,1,1,314.53,314.530000,314.53,0
2025-05,2025,2,Mid-Market,Varejo,Cartão Multi Benefícios,Refeição,App,RJ,1,1,1,307.78,307.780000,307.78,0
2025-05,2025,2,Mid-Market,Varejo,Cartão Multi Benefícios,Refeição,Físico,MG,3,1,1,2145.72,715.240000,0.00,3
2025-05,2025,2,Mid-Market,Varejo,Cartão Multi Benefícios,Refeição,Online,MG,1,1,1,83.53,83.530000,83.53,0
2025-05,2025,2,Mid-Market,Agronegócio,Despesas Corporativas,Refeição,Físico,RJ,1,1,1,739.95,739.950000,739.95,0
2025-05,2025,2,SMB,Saúde,Premiações,Refeição,Físico,PR,1,1,1,678.92,678.920000,678.92,0
2025-05,2025,2,SMB,Saúde,Premiações,Saúde,App,MG,3,1,1,877.32,292.440000,0.00,3
2025-05,2025,2,SMB,Educação,Premiações,Saúde,Físico,MG,1,1,1,730.92,730.920000,730.92,0
2025-05,2025,2,SMB,Tecnologia,Premiações,Saúde,Físico,MG,3,1,1,441.03,147.010000,0.00,3
2025-05,2025,2,Mid-Market,Logística,Cartão Multi Benefícios,Saúde,App,RS,1,1,1,513.76,513.760000,513.76,0
2025-05,2025,2,Mid-Market,Varejo,Premiações,Saúde,Físico,RS,1,1,1,365.71,365.710000,365.71,0
2025-05,2025,2,Enterprise,Financeiro,Caju Ciclos,Saúde,App,MG,1,1,1,570.69,570.690000,570.69,0
2025-05,2025,2,Enterprise,Financeiro,Caju Ciclos,Saúde,Físico,SP,3,1,1,1657.83,552.610000,0.00,3
2025-05,2025,2,Enterprise,Varejo,Caju Ciclos,Saúde,Físico,RS,1,1,1,455.91,455.910000,455.91,0
2025-05,2025,2,Enterprise,Tecnologia,Caju Ciclos,Saúde,App,RS,1,1,1,324.86,324.860000,324.86,0
2025-05,2025,2,Mid-Market,Agronegócio,Cartão Multi Benefícios,Saúde,App,PR,1,1,1,738.65,738.650000,738.65,0
2025-06,2025,2,Enterprise,Financeiro,Caju Ciclos,Alimentação,Online,MG,1,1,1,102.11,102.110000,102.11,0
2025-06,2025,2,Enterprise,Tecnologia,Despesas Corporativas,Alimentação,Físico,RS,1,1,1,620.58,620.580000,620.58,0
2025-06,2025,2,Enterprise,Tecnologia,Despesas Corporativas,Alimentação,Online,RS,3,1,1,523.32,174.440000,0.00,3
2025-06,2025,2,Enterprise,Varejo,Cartão Multi Benefícios,Alimentação,Físico,SP,1,1,1,314.90,314.900000,314.90,0
2025-06,2025,2,Mid-Market,Agronegócio,Despesas Corporativas,Alimentação,Online,PR,1,1,1,178.81,178.810000,178.81,0
2025-06,2025,2,Mid-Market,Varejo,Caju Ciclos,Alimentação,App,RJ,1,1,1,43.33,43.330000,43.33,0
2025-06,2025,2,Mid-Market,Varejo,Caju Ciclos,Alimentação,Online,RJ,1,1,1,429.18,429.180000,429.18,0
2025-06,2025,2,SMB,Construção,Despesas Corporativas,Alimentação,Físico,RS,1,1,1,743.06,743.060000,743.06,0
2025-06,2025,2,SMB,Construção,Despesas Corporativas,Alimentação,Online,RJ,1,1,1,399.92,399.920000,399.92,0
2025-06,2025,2,SMB,Saúde,Caju Ciclos,Alimentação,Físico,RS,1,1,1,516.28,516.280000,516.28,0
2025-06,2025,2,SMB,Tecnologia,Despesas Corporativas,Alimentação,Online,RS,1,1,1,787.38,787.380000,787.38,0
2025-06,2025,2,SMB,Tecnologia,Despesas Corporativas,Cultura,Online,RJ,1,1,1,143.50,143.500000,143.50,0
2025-06,2025,2,SMB,Saúde,Premiações,Cultura,Online,RJ,1,1,1,614.53,614.530000,614.53,0
2025-06,2025,2,SMB,Tecnologia,Premiações,Cultura,Físico,RJ,3,1,1,1769.43,589.810000,0.00,3
2025-06,2025,2,SMB,Construção,Despesas Corporativas,Cultura,App,RS,1,1,1,72.83,72.830000,72.83,0
2025-06,2025,2,SMB,Construção,Cartão Multi Benefícios,Cultura,App,RJ,1,1,1,300.30,300.300000,300.30,0
2025-06,2025,2,SMB,Construção,Cartão Multi Benefícios,Cultura,Online,MG,1,1,1,744.32,744.320000,744.32,0
2025-06,2025,2,Mid-Market,Agronegócio,Premiações,Cultura,Físico,SP,1,1,1,225.41,225.410000,225.41,0
2025-06,2025,2,Enterprise,Financeiro,Premiações,Cultura,Físico,PR,1,1,1,550.27,550.270000,550.27,0
2025-06,2025,2,Enterprise,Financeiro,Caju Ciclos,Cultura,Online,PR,1,1,1,586.07,586.070000,586.07,0
2025-06,2025,2,Mid-Market,Agronegócio,Cartão Multi Benefícios,Cultura,App,RS,3,1,1,707.04,235.680000,0.00,3
2025-06,2025,2,Enterprise,Financeiro,Caju Ciclos,Educação,Físico,RS,1,1,1,138.36,138.360000,138.36,0
2025-06,2025,2,Enterprise,Tecnologia,Caju Ciclos,Educação,Online,RJ,1,1,1,494.75,494.750000,494.75,0
2025-06,2025,2,Enterprise,Financeiro,Despesas Corporativas,Educação,Físico,PR,1,1,1,510.95,510.950000,510.95,0
2025-06,2025,2,Mid-Market,Logística,Cartão Multi Benefícios,Educação,App,MG,1,1,1,212.32,212.320000,212.32,0
2025-06,2025,2,Mid-Market,Varejo,Caju Ciclos,Educação,Online,RS,1,1,1,398.31,398.310000,398.31,0
2025-06,2025,2,SMB,Construção,Caju Ciclos,Educação,Online,MG,1,1,1,437.59,437.590000,437.59,0
2025-06,2025,2,SMB,Construção,Despesas Corporativas,Educação,Físico,RS,1,1,1,250.68,250.680000,250.68,0
2025-06,2025,2,Mid-Market,Varejo,Cartão Multi Benefícios,Educação,Online,RJ,1,1,1,148.75,148.750000,148.75,0
2025-06,2025,2,Mid-Market,Varejo,Despesas Corporativas,Educação,App,RJ,1,1,1,744.61,744.610000,744.61,0
2025-06,2025,2,SMB,Tecnologia,Premiações,Educação,App,RJ,1,1,1,599.47,599.470000,599.47,0
2025-06,2025,2,SMB,Tecnologia,Caju Ciclos,Educação,App,PR,1,1,1,170.29,170.290000,170.29,0
2025-06,2025,2,SMB,Tecnologia,Cartão Multi Benefícios,Educação,App,RJ,1,1,1,281.48,281.480000,0.00,0
2025-06,2025,2,SMB,Tecnologia,Despesas Corporativas,Flex,Físico,PR,1,1,1,585.04,585.040000,585.04,0
2025-06,2025,2,SMB,Saúde,Despesas Corporativas,Flex,Online,RJ,1,1,1,75.15,75.150000,75.15,0
2025-06,2025,2,SMB,Saúde,Cartão Multi Benefícios,Flex,App,MG,1,1,1,568.94,568.940000,568.94,0
2025-06,2025,2,Mid-Market,Varejo,Premiações,Flex,App,MG,1,1,1,335.83,335.830000,335.83,0
2025-06,2025,2,Mid-Market,Varejo,Cartão Multi Benefícios,Flex,Físico,PR,1,1,1,330.36,330.360000,330.36,0
2025-06,2025,2,Mid-Market,Varejo,Cartão Multi Benefícios,Flex,Físico,RJ,3,1,1,1914.63,638.210000,0.00,3
2025-06,2025,2,Mid-Market,Agronegócio,Despesas Corporativas,Flex,Físico,MG,3,1,1,2185.08,728.360000,0.00,3
2025-06,2025,2,Enterprise,Varejo,Caju Ciclos,Flex,Online,RS,1,1,1,632.11,632.110000,632.11,0
2025-06,2025,2,Enterprise,Financeiro,Despesas Corporativas,Flex,Online,RJ,1,1,1,767.35,767.350000,767.35,0
2025-06,2025,2,Enterprise,Tecnologia,Cartão Multi Benefícios,Home Office,Físico,RS,1,1,1,563.86,563.860000,563.86,0
2025-06,2025,2,Enterprise,Financeiro,Cartão Multi Benefícios,Home Office,App,RS,1,1,1,789.41,789.410000,789.41,0
2025-06,2025,2,Enterprise,Tecnologia,Premiações,Home Office,Físico,SP,1,1,1,609.21,609.210000,609.21,0
2025-06,2025,2,Mid-Market,Varejo,Caju Ciclos,Home Office,Online,PR,1,1,1,506.93,506.930000,506.93,0
2025-06,2025,2,Mid-Market,Logística,Caju Ciclos,Home Office,Online,SP,3,1,1,1845.45,615.150000,0.00,3
2025-06,2025,2,Mid-Market,Varejo,Premiações,Home Office,App,RS,1,1,1,376.21,376.210000,376.21,0
2025-06,2025,2,SMB,Educação,Caju Ciclos,Home Office,App,SP,1,1,1,426.24,426.240000,426.24,0
2025-06,2025,2,SMB,Educação,Cartão Multi Benefícios,Home Office,Físico,RS,1,1,1,473.81,473.810000,473.81,0
2025-06,2025,2,SMB,Construção,Caju Ciclos,Home Office,App,RS,1,1,1,92.47,92.470000,92.47,0
2025-06,2025,2,SMB,Saúde,Caju Ciclos,Home Office,App,RJ,1,1,1,220.31,220.310000,220.31,0
2025-06,2025,2,SMB,Saúde,Despesas Corporativas,Home Office,App,SP,1,1,1,522.27,522.270000,522.27,0
2025-06,2025,2,SMB,Tecnologia,Despesas Corporativas,Home Office,Físico,PR,1,1,1,41.60,41.600000,41.60,0
2025-06,2025,2,SMB,Saúde,Despesas Corporativas,Mobilidade,App,PR,1,1,1,327.75,327.750000,327.75,0
2025-06,2025,2,SMB,Tecnologia,Caju Ciclos,Mobilidade,App,RS,1,1,1,374.75,374.750000,374.75,0
2025-06,2025,2,SMB,Saúde,Caju Ciclos,Mobilidade,App,MG,3,1,1,1762.08,587.360000,0.00,3
2025-06,2025,2,SMB,Tecnologia,Premiações,Mobilidade,App,MG,1,1,1,540.98,540.980000,540.98,0
2025-06,2025,2,SMB,Construção,Caju Ciclos,Mobilidade,App,SP,1,1,1,647.94,647.940000,647.94,0
2025-06,2025,2,SMB,Educação,Despesas Corporativas,Mobilidade,Online,MG,1,1,1,504.96,504.960000,504.96,0
2025-06,2025,2,Mid-Market,Logística,Despesas Corporativas,Mobilidade,Físico,SP,1,1,1,554.28,554.280000,0.00,0
2025-06,2025,2,Mid-Market,Varejo,Caju Ciclos,Mobilidade,Físico,MG,1,1,1,361.41,361.410000,361.41,0
2025-06,2025,2,Mid-Market,Varejo,Caju Ciclos,Mobilidade,Físico,PR,1,1,1,618.00,618.000000,618.00,0
2025-06,2025,2,Enterprise,Varejo,Cartão Multi Benefícios,Mobilidade,Online,RJ,1,1,1,259.94,259.940000,259.94,0
2025-06,2025,2,Enterprise,Varejo,Premiações,Mobilidade,App,RS,1,1,1,558.42,558.420000,558.42,0
2025-06,2025,2,Enterprise,Varejo,Premiações,Mobilidade,Físico,PR,1,1,1,540.42,540.420000,540.42,0
2025-06,2025,2,SMB,Tecnologia,Premiações,Refeição,Físico,PR,1,1,1,699.78,699.780000,699.78,0
2025-06,2025,2,SMB,Saúde,Cartão Multi Benefícios,Refeição,Físico,RS,3,1,1,228.21,76.070000,0.00,3
2025-06,2025,2,SMB,Tecnologia,Despesas Corporativas,Refeição,App,RS,1,1,1,565.19,565.190000,565.19,0
2025-06,2025,2,SMB,Tecnologia,Cartão Multi Benefícios,Refeição,App,MG,1,1,1,489.43,489.430000,489.43,0
2025-06,2025,2,Enterprise,Tecnologia,Caju Ciclos,Refeição,Online,RJ,1,1,1,635.99,635.990000,635.99,0
2025-06,2025,2,Enterprise,Tecnologia,Caju Ciclos,Refeição,Online,SP,1,1,1,141.31,141.310000,141.31,0
2025-06,2025,2,Enterprise,Tecnologia,Cartão Multi Benefícios,Saúde,Online,RS,1,1,1,442.63,442.630000,442.63,0
2025-06,2025,2,Enterprise,Tecnologia,Despesas Corporativas,Saúde,Físico,RJ,1,1,1,377.97,377.970000,377.97,0
2025-06,2025,2,Enterprise,Financeiro,Despesas Corporativas,Saúde,Físico,PR,1,1,1,271.73,271.730000,0.00,0
2025-06,2025,2,SMB,Tecnologia,Despesas Corporativas,Saúde,Online,MG,1,1,1,478.10,478.100000,478.10,0
2025-06,2025,2,Enterprise,Varejo,Cartão Multi Benefícios,Saúde,Físico,PR,1,1,1,723.96,723.960000,723.96,0
2025-06,2025,2,SMB,Construção,Cartão Multi Benefícios,Saúde,Físico,RS,1,1,1,418.34,418.340000,418.34,0
2025-06,2025,2,Mid-Market,Varejo,Premiações,Saúde,App,RS,1,1,1,679.86,679.860000,679.86,0
2025-06,2025,2,Mid-Market,Varejo,Cartão Multi Benefícios,Saúde,Online,MG,1,1,1,761.88,761.880000,761.88,0
2025-07,2025,3,Enterprise,Financeiro,Premiações,Alimentação,Físico,MG,3,1,1,2367.90,789.300000,0.00,3
2025-07,2025,3,Mid-Market,Varejo,Caju Ciclos,Alimentação,App,PR,1,1,1,477.09,477.090000,477.09,0
2025-07,2025,3,Mid-Market,Logística,Premiações,Alimentação,App,PR,1,1,1,181.82,181.820000,181.82,0
2025-07,2025,3,Enterprise,Tecnologia,Despesas Corporativas,Alimentação,Online,SP,1,1,1,520.20,520.200000,520.20,0
2025-07,2025,3,Enterprise,Varejo,Caju Ciclos,Alimentação,App,RJ,3,1,1,1639.44,546.480000,0.00,3
2025-07,2025,3,SMB,Construção,Caju Ciclos,Alimentação,Físico,PR,1,1,1,306.51,306.510000,306.51,0
2025-07,2025,3,SMB,Construção,Despesas Corporativas,Alimentação,Online,SP,1,1,1,57.99,57.990000,57.99,0
2025-07,2025,3,SMB,Construção,Premiações,Alimentação,App,PR,1,1,1,316.42,316.420000,316.42,0
2025-07,2025,3,SMB,Saúde,Cartão Multi Benefícios,Alimentação,App,MG,1,1,1,232.10,232.100000,232.10,0
2025-07,2025,3,SMB,Saúde,Cartão Multi Benefícios,Alimentação,Físico,PR,1,1,1,495.29,495.290000,495.29,0
2025-07,2025,3,SMB,Saúde,Premiações,Alimentação,Físico,SP,1,1,1,625.95,625.950000,625.95,0
2025-07,2025,3,SMB,Tecnologia,Cartão Multi Benefícios,Alimentação,Físico,MG,1,1,1,399.11,399.110000,399.11,0
2025-07,2025,3,SMB,Saúde,Despesas Corporativas,Alimentação,Online,RJ,3,1,1,1551.15,517.050000,0.00,3
2025-07,2025,3,SMB,Saúde,Cartão Multi Benefícios,Cultura,Online,MG,1,1,1,17.44,17.440000,17.44,0
2025-07,2025,3,SMB,Saúde,Caju Ciclos,Cultura,Online,SP,1,1,1,424.19,424.190000,424.19,0
2025-07,2025,3,SMB,Construção,Premiações,Cultura,App,PR,1,1,1,408.37,408.370000,408.37,0
2025-07,2025,3,SMB,Educação,Caju Ciclos,Cultura,Físico,RJ,3,1,1,985.44,328.480000,0.00,3
2025-07,2025,3,SMB,Construção,Cartão Multi Benefícios,Cultura,Físico,MG,1,1,1,787.20,787.200000,787.20,0
2025-07,2025,3,SMB,Construção,Caju Ciclos,Cultura,Físico,PR,1,1,1,528.05,528.050000,528.05,0
2025-07,2025,3,Enterprise,Tecnologia,Caju Ciclos,Cultura,Físico,RS,1,1,1,751.41,751.410000,751.41,0
2025-07,2025,3,Enterprise,Varejo,Cartão Multi Benefícios,Cultura,Físico,PR,1,1,1,147.79,147.790000,147.79,0
2025-07,2025,3,Enterprise,Varejo,Despesas Corporativas,Cultura,Físico,RS,1,1,1,481.96,481.960000,481.96,0
2025-07,2025,3,Mid-Market,Logística,Cartão Multi Benefícios,Cultura,App,RS,1,1,1,743.66,743.660000,743.66,0
2025-07,2025,3,Mid-Market,Varejo,Premiações,Cultura,Físico,SP,1,1,1,431.78,431.780000,431.78,0
2025-07,2025,3,Enterprise,Financeiro,Caju Ciclos,Cultura,Online,PR,3,1,1,451.80,150.600000,0.00,3
2025-07,2025,3,Enterprise,Tecnologia,Cartão Multi Benefícios,Educação,Online,PR,1,1,1,124.42,124.420000,124.42,0
2025-07,2025,3,Enterprise,Varejo,Despesas Corporativas,Educação,Online,RS,1,1,1,788.37,788.370000,788.37,0
2025-07,2025,3,Mid-Market,Agronegócio,Cartão Multi Benefícios,Educação,Físico,MG,1,1,1,36.81,36.810000,36.81,0
2025-07,2025,3,Enterprise,Tecnologia,Caju Ciclos,Educação,App,MG,1,1,1,224.42,224.420000,224.42,0
2025-07,2025,3,SMB,Construção,Cartão Multi Benefícios,Educação,App,RJ,1,1,1,271.24,271.240000,271.24,0
2025-07,2025,3,SMB,Saúde,Premiações,Educação,Físico,MG,1,1,1,662.68,662.680000,662.68,0
2025-07,2025,3,SMB,Tecnologia,Caju Ciclos,Educação,Online,MG,3,1,1,1643.55,547.850000,0.00,3
2025-07,2025,3,SMB,Tecnologia,Caju Ciclos,Flex,Online,MG,1,1,1,179.39,179.390000,179.39,0
2025-07,2025,3,SMB,Saúde,Cartão Multi Benefícios,Flex,Físico,MG,1,1,1,129.22,129.220000,129.22,0
2025-07,2025,3,Enterprise,Tecnologia,Caju Ciclos,Flex,Físico,MG,1,1,1,278.74,278.740000,278.74,0
2025-07,2025,3,Enterprise,Tecnologia,Despesas Corporativas,Flex,Online,SP,1,1,1,633.74,633.740000,633.74,0
2025-07,2025,3,Mid-Market,Agronegócio,Cartão Multi Benefícios,Flex,Físico,SP,1,1,1,559.66,559.660000,559.66,0
2025-07,2025,3,Mid-Market,Agronegócio,Premiações,Flex,Físico,PR,1,1,1,280.40,280.400000,280.40,0
2025-07,2025,3,Enterprise,Varejo,Cartão Multi Benefícios,Flex,Físico,RJ,1,1,1,732.45,732.450000,732.45,0
2025-07,2025,3,Mid-Market,Varejo,Caju Ciclos,Flex,Físico,MG,1,1,1,694.21,694.210000,694.21,0
2025-07,2025,3,Mid-Market,Logística,Despesas Corporativas,Flex,Físico,RS,1,1,1,89.97,89.970000,89.97,0
2025-07,2025,3,Mid-Market,Logística,Premiações,Flex,Físico,RS,1,1,1,750.29,750.290000,750.29,0
2025-07,2025,3,SMB,Tecnologia,Despesas Corporativas,Flex,Físico,PR,1,1,1,241.97,241.970000,241.97,0
2025-07,2025,3,Enterprise,Financeiro,Premiações,Flex,Online,SP,1,1,1,338.12,338.120000,338.12,0
2025-07,2025,3,Enterprise,Financeiro,Despesas Corporativas,Flex,Online,PR,1,1,1,235.42,235.420000,235.42,0
2025-07,2025,3,Enterprise,Financeiro,Caju Ciclos,Flex,App,RS,1,1,1,766.32,766.320000,766.32,0
2025-07,2025,3,Enterprise,Financeiro,Caju Ciclos,Flex,Físico,PR,1,1,1,709.97,709.970000,709.97,0
2025-07,2025,3,Enterprise,Financeiro,Caju Ciclos,Home Office,App,RJ,1,1,1,314.12,314.120000,314.12,0
2025-07,2025,3,Enterprise,Financeiro,Cartão Multi Benefícios,Home Office,Online,RJ,1,1,1,94.32,94.320000,94.32,0
2025-07,2025,3,Enterprise,Tecnologia,Cartão Multi Benefícios,Home Office,App,RS,1,1,1,600.62,600.620000,600.62,0
2025-07,2025,3,Enterprise,Tecnologia,Cartão Multi Benefícios,Home Office,Físico,RJ,1,1,1,770.14,770.140000,770.14,0
2025-07,2025,3,Enterprise,Tecnologia,Cartão Multi Benefícios,Home Office,Físico,RS,1,1,1,661.03,661.030000,661.03,0
2025-07,2025,3,SMB,Tecnologia,Cartão Multi Benefícios,Home Office,Físico,PR,1,1,1,144.49,144.490000,144.49,0
2025-07,2025,3,SMB,Tecnologia,Cartão Multi Benefícios,Home Office,Online,RS,1,1,1,763.51,763.510000,763.51,0
2025-07,2025,3,Mid-Market,Logística,Premiações,Home Office,App,PR,3,1,1,723.60,241.200000,0.00,3
2025-07,2025,3,Mid-Market,Logística,Cartão Multi Benefícios,Home Office,App,RS,1,1,1,688.94,688.940000,688.94,0
2025-07,2025,3,Mid-Market,Varejo,Caju Ciclos,Home Office,Online,SP,1,1,1,328.18,328.180000,328.18,0
2025-07,2025,3,Mid-Market,Varejo,Cartão Multi Benefícios,Home Office,Online,PR,1,1,1,798.39,798.390000,798.39,0
2025-07,2025,3,Mid-Market,Varejo,Despesas Corporativas,Home Office,Físico,RJ,1,1,1,473.37,473.370000,473.37,0
2025-07,2025,3,Mid-Market,Varejo,Despesas Corporativas,Home Office,Online,RJ,1,1,1,514.90,514.900000,514.90,0
2025-07,2025,3,Mid-Market,Agronegócio,Premiações,Home Office,Físico,MG,1,1,1,461.55,461.550000,461.55,0
2025-07,2025,3,SMB,Tecnologia,Caju Ciclos,Home Office,Online,PR,1,1,1,287.54,287.540000,287.54,0
2025-07,2025,3,SMB,Saúde,Premiações,Home Office,Online,PR,1,1,1,81.57,81.570000,81.57,0
2025-07,2025,3,SMB,Construção,Despesas Corporativas,Home Office,App,MG,1,1,1,739.95,739.950000,739.95,0
2025-07,2025,3,SMB,Construção,Caju Ciclos,Home Office,Físico,RS,1,1,1,496.68,496.680000,496.68,0
2025-07,2025,3,SMB,Educação,Caju Ciclos,Mobilidade,Online,RS,1,1,1,97.73,97.730000,97.73,0
2025-07,2025,3,SMB,Educação,Cartão Multi Benefícios,Mobilidade,Físico,RS,1,1,1,131.76,131.760000,131.76,0
2025-07,2025,3,SMB,Tecnologia,Caju Ciclos,Mobilidade,App,RS,1,1,1,251.43,251.430000,251.43,0
2025-07,2025,3,SMB,Tecnologia,Caju Ciclos,Mobilidade,Físico,RS,1,1,1,595.69,595.690000,595.69,0
2025-07,2025,3,Mid-Market,Agronegócio,Premiações,Mobilidade,Online,RJ,1,1,1,415.54,415.540000,415.54,0
2025-07,2025,3,Mid-Market,Agronegócio,Despesas Corporativas,Mobilidade,Físico,SP,1,1,1,772.67,772.670000,772.67,0
2025-07,2025,3,Enterprise,Varejo,Despesas Corporativas,Mobilidade,App,MG,1,1,1,669.89,669.890000,669.89,0
2025-07,2025,3,SMB,Tecnologia,Despesas Corporativas,Mobilidade,App,MG,1,1,1,248.27,248.270000,248.27,0
2025-07,2025,3,SMB,Tecnologia,Premiações,Refeição,Físico,SP,1,1,1,195.23,195.230000,195.23,0
2025-07,2025,3,Enterprise,Tecnologia,Premiações,Refeição,Online,MG,1,1,1,422.19,422.190000,422.19,0
2025-07,2025,3,Enterprise,Tecnologia,Premiações,Refeição,Online,SP,1,1,1,535.19,535.190000,535.19,0
2025-07,2025,3,Mid-Market,Logística,Premiações,Refeição,Físico,PR,1,1,1,460.66,460.660000,460.66,0
2025-07,2025,3,SMB,Educação,Premiações,Refeição,Físico,RJ,1,1,1,544.44,544.440000,544.44,0
2025-07,2025,3,SMB,Educação,Caju Ciclos,Refeição,Físico,RJ,1,1,1,254.77,254.770000,254.77,0
2025-07,2025,3,SMB,Construção,Caju Ciclos,Refeição,Online,PR,1,1,1,527.94,527.940000,527.94,0
2025-07,2025,3,SMB,Construção,Cartão Multi Benefícios,Refeição,Online,SP,3,1,1,483.42,161.140000,0.00,3
2025-07,2025,3,Enterprise,Financeiro,Premiações,Refeição,Online,SP,1,1,1,123.92,123.920000,123.92,0
2025-07,2025,3,Enterprise,Financeiro,Premiações,Saúde,Online,SP,1,1,1,665.12,665.120000,665.12,0
2025-07,2025,3,Enterprise,Financeiro,Despesas Corporativas,Saúde,Online,PR,1,1,1,480.12,480.120000,480.12,0
2025-07,2025,3,SMB,Educação,Caju Ciclos,Saúde,App,SP,1,1,1,505.73,505.730000,505.73,0
2025-07,2025,3,SMB,Educação,Despesas Corporativas,Saúde,Físico,SP,1,1,1,541.80,541.800000,541.80,0
2025-07,2025,3,SMB,Construção,Premiações,Saúde,App,PR,3,1,1,2215.20,738.400000,0.00,3
2025-07,2025,3,SMB,Educação,Premiações,Saúde,App,MG,1,1,1,287.58,287.580000,287.58,0
2025-07,2025,3,SMB,Saúde,Caju Ciclos,Saúde,Físico,RJ,1,1,1,775.40,775.400000,775.40,0
2025-07,2025,3,SMB,Tecnologia,Caju Ciclos,Saúde,App,RJ,1,1,1,618.95,618.950000,618.95,0
2025-07,2025,3,SMB,Saúde,Premiações,Saúde,Online,RS,1,1,1,142.45,142.450000,142.45,0
2025-07,2025,3,Mid-Market,Logística,Despesas Corporativas,Saúde,Físico,RJ,1,1,1,450.43,450.430000,450.43,0
2025-07,2025,3,Mid-Market,Varejo,Cartão Multi Benefícios,Saúde,Físico,PR,1,1,1,20.85,20.850000,20.85,0
2025-07,2025,3,Enterprise,Varejo,Caju Ciclos,Saúde,Físico,RS,1,1,1,339.94,339.940000,339.94,0
2025-07,2025,3,SMB,Tecnologia,Cartão Multi Benefícios,Saúde,Físico,MG,1,1,1,72.06,72.060000,72.06,0
2025-07,2025,3,SMB,Saúde,Despesas Corporativas,Saúde,App,MG,1,1,1,26.12,26.120000,26.12,0
2025-08,2025,3,Mid-Market,Varejo,Cartão Multi Benefícios,Alimentação,Físico,RJ,1,1,1,388.50,388.500000,388.50,0
2025-08,2025,3,Mid-Market,Logística,Cartão Multi Benefícios,Alimentação,Online,RJ,1,1,1,463.15,463.150000,463.15,0
2025-08,2025,3,SMB,Construção,Caju Ciclos,Alimentação,Físico,RS,1,1,1,577.07,577.070000,0.00,0
2025-08,2025,3,SMB,Construção,Despesas Corporativas,Alimentação,App,RS,1,1,1,481.36,481.360000,481.36,0
2025-08,2025,3,SMB,Construção,Despesas Corporativas,Alimentação,Físico,PR,1,1,1,80.53,80.530000,0.00,0
2025-08,2025,3,SMB,Construção,Premiações,Alimentação,Físico,PR,1,1,1,439.01,439.010000,439.01,0
2025-08,2025,3,SMB,Educação,Premiações,Alimentação,Online,RJ,1,1,1,434.97,434.970000,434.97,0
2025-08,2025,3,SMB,Tecnologia,Despesas Corporativas,Alimentação,Físico,SP,1,1,1,601.61,601.610000,601.61,0
2025-08,2025,3,SMB,Educação,Despesas Corporativas,Cultura,Físico,RS,1,1,1,91.99,91.990000,91.99,0
2025-08,2025,3,SMB,Educação,Premiações,Cultura,Online,RJ,1,1,1,269.17,269.170000,269.17,0
2025-08,2025,3,SMB,Construção,Cartão Multi Benefícios,Cultura,Físico,RJ,1,1,1,483.19,483.190000,483.19,0
2025-08,2025,3,SMB,Construção,Cartão Multi Benefícios,Cultura,Online,RS,1,1,1,27.47,27.470000,27.47,0
2025-08,2025,3,SMB,Educação,Caju Ciclos,Cultura,App,PR,3,1,1,2318.01,772.670000,0.00,3
2025-08,2025,3,Mid-Market,Varejo,Despesas Corporativas,Cultura,Físico,RS,1,1,1,239.06,239.060000,239.06,0
2025-08,2025,3,Mid-Market,Varejo,Despesas Corporativas,Cultura,Online,MG,1,1,1,325.02,325.020000,325.02,0
2025-08,2025,3,Mid-Market,Logística,Premiações,Cultura,App,RS,1,1,1,443.95,443.950000,443.95,0
2025-08,2025,3,Mid-Market,Logística,Premiações,Cultura,Físico,SP,1,1,1,504.18,504.180000,504.18,0
2025-08,2025,3,Mid-Market,Varejo,Caju Ciclos,Cultura,Online,PR,1,1,1,165.61,165.610000,165.61,0
2025-08,2025,3,Enterprise,Financeiro,Caju Ciclos,Cultura,Online,PR,1,1,1,635.96,635.960000,635.96,0
2025-08,2025,3,Enterprise,Financeiro,Caju Ciclos,Cultura,Online,RS,1,1,1,472.15,472.150000,472.15,0
2025-08,2025,3,Enterprise,Tecnologia,Cartão Multi Benefícios,Cultura,Online,RJ,1,1,1,726.72,726.720000,726.72,0
2025-08,2025,3,Enterprise,Tecnologia,Caju Ciclos,Cultura,App,RJ,1,1,1,182.67,182.670000,182.67,0
2025-08,2025,3,Enterprise,Varejo,Premiações,Cultura,App,MG,1,1,1,204.02,204.020000,204.02,0
2025-08,2025,3,Enterprise,Varejo,Premiações,Cultura,App,PR,1,1,1,96.37,96.370000,96.37,0
2025-08,2025,3,Enterprise,Varejo,Premiações,Cultura,Físico,SP,3,1,1,908.16,302.720000,0.00,3
2025-08,2025,3,Enterprise,Varejo,Caju Ciclos,Educação,Físico,SP,1,1,1,680.38,680.380000,680.38,0
2025-08,2025,3,Enterprise,Tecnologia,Premiações,Educação,App,PR,1,1,1,373.55,373.550000,373.55,0
2025-08,2025,3,Enterprise,Tecnologia,Cartão Multi Benefícios,Educação,Físico,PR,1,1,1,440.41,440.410000,0.00,0
2025-08,2025,3,Enterprise,Financeiro,Caju Ciclos,Educação,Online,SP,1,1,1,322.82,322.820000,322.82,0
2025-08,2025,3,Mid-Market,Varejo,Caju Ciclos,Educação,Online,RJ,1,1,1,91.03,91.030000,91.03,0
2025-08,2025,3,Mid-Market,Logística,Caju Ciclos,Educação,Online,SP,1,1,1,36.29,36.290000,36.29,0
2025-08,2025,3,Mid-Market,Varejo,Despesas Corporativas,Educação,Físico,PR,1,1,1,161.84,161.840000,161.84,0
2025-08,2025,3,SMB,Construção,Despesas Corporativas,Educação,Físico,RJ,1,1,1,766.30,766.300000,766.30,0
2025-08,2025,3,Mid-Market,Varejo,Premiações,Educação,App,RS,1,1,1,346.93,346.930000,346.93,0
2025-08,2025,3,SMB,Saúde,Despesas Corporativas,Educação,App,SP,1,1,1,280.37,280.370000,280.37,0
2025-08,2025,3,SMB,Tecnologia,Despesas Corporativas,Educação,Físico,MG,1,1,1,361.00,361.000000,361.00,0
2025-08,2025,3,SMB,Tecnologia,Cartão Multi Benefícios,Flex,App,SP,1,1,1,120.03,120.030000,0.00,0
2025-08,2025,3,SMB,Tecnologia,Cartão Multi Benefícios,Flex,Físico,SP,1,1,1,265.99,265.990000,265.99,0
2025-08,2025,3,SMB,Saúde,Cartão Multi Benefícios,Flex,Físico,MG,1,1,1,38.57,38.570000,38.57,0
2025-08,2025,3,Mid-Market,Varejo,Premiações,Flex,App,RJ,1,1,1,144.93,144.930000,144.93,0
2025-08,2025,3,SMB,Construção,Despesas Corporativas,Flex,Físico,PR,1,1,1,470.70,470.700000,470.70,0
2025-08,2025,3,Mid-Market,Varejo,Cartão Multi Benefícios,Flex,App,SP,2,2,1,1070.32,535.160000,1070.32,0
2025-08,2025,3,Mid-Market,Logística,Caju Ciclos,Flex,Físico,PR,1,1,1,323.93,323.930000,323.93,0
2025-08,2025,3,Mid-Market,Agronegócio,Premiações,Flex,App,RJ,1,1,1,660.84,660.840000,660.84,0
2025-08,2025,3,Mid-Market,Agronegócio,Premiações,Flex,Online,SP,1,1,1,112.76,112.760000,112.76,0
2025-08,2025,3,Enterprise,Financeiro,Caju Ciclos,Flex,Físico,RJ,1,1,1,75.72,75.720000,75.72,0
2025-08,2025,3,Enterprise,Financeiro,Caju Ciclos,Flex,Online,MG,1,1,1,696.31,696.310000,696.31,0
2025-08,2025,3,Enterprise,Financeiro,Cartão Multi Benefícios,Flex,Físico,SP,1,1,1,780.74,780.740000,780.74,0
2025-08,2025,3,Enterprise,Tecnologia,Cartão Multi Benefícios,Flex,Físico,SP,1,1,1,493.14,493.140000,493.14,0
2025-08,2025,3,Enterprise,Tecnologia,Premiações,Flex,Online,PR,1,1,1,191.11,191.110000,191.11,0
2025-08,2025,3,Enterprise,Tecnologia,Despesas Corporativas,Home Office,App,MG,1,1,1,508.05,508.050000,508.05,0
2025-08,2025,3,Mid-Market,Agronegócio,Cartão Multi Benefícios,Home Office,App,MG,1,1,1,299.90,299.900000,299.90,0
2025-08,2025,3,Enterprise,Financeiro,Despesas Corporativas,Home Office,Online,PR,1,1,1,624.87,624.870000,624.87,0
2025-08,2025,3,SMB,Construção,Premiações,Home Office,Online,RJ,1,1,1,470.58,470.580000,470.58,0
2025-08,2025,3,SMB,Saúde,Cartão Multi Benefícios,Home Office,App,PR,1,1,1,613.44,613.440000,613.44,0
2025-08,2025,3,SMB,Construção,Cartão Multi Benefícios,Home Office,App,RJ,3,1,1,728.40,242.800000,0.00,3
2025-08,2025,3,SMB,Saúde,Premiações,Home Office,Físico,PR,1,1,1,567.13,567.130000,567.13,0
2025-08,2025,3,SMB,Tecnologia,Premiações,Home Office,Físico,PR,1,1,1,694.91,694.910000,694.91,0
2025-08,2025,3,SMB,Saúde,Despesas Corporativas,Mobilidade,App,RJ,1,1,1,568.03,568.030000,568.03,0
2025-08,2025,3,SMB,Construção,Premiações,Mobilidade,Físico,SP,1,1,1,597.93,597.930000,597.93,0
2025-08,2025,3,SMB,Construção,Despesas Corporativas,Mobilidade,Online,MG,1,1,1,241.96,241.960000,241.96,0
2025-08,2025,3,Mid-Market,Logística,Despesas Corporativas,Mobilidade,Online,RJ,1,1,1,303.17,303.170000,303.17,0
2025-08,2025,3,Mid-Market,Logística,Despesas Corporativas,Mobilidade,Online,RS,1,1,1,608.48,608.480000,608.48,0
2025-08,2025,3,Mid-Market,Logística,Caju Ciclos,Mobilidade,Online,RJ,1,1,1,25.81,25.810000,25.81,0
2025-08,2025,3,Mid-Market,Varejo,Cartão Multi Benefícios,Mobilidade,App,MG,1,1,1,40.81,40.810000,40.81,0
2025-08,2025,3,Enterprise,Financeiro,Premiações,Mobilidade,App,SP,1,1,1,77.23,77.230000,77.23,0
2025-08,2025,3,Enterprise,Varejo,Caju Ciclos,Mobilidade,Físico,PR,1,1,1,589.41,589.410000,589.41,0
2025-08,2025,3,Mid-Market,Agronegócio,Caju Ciclos,Mobilidade,Online,SP,2,2,1,451.50,225.750000,451.50,0
2025-08,2025,3,Enterprise,Tecnologia,Cartão Multi Benefícios,Refeição,App,RS,1,1,1,35.98,35.980000,35.98,0
2025-08,2025,3,Mid-Market,Varejo,Cartão Multi Benefícios,Refeição,Online,RS,1,1,1,198.95,198.950000,198.95,0
2025-08,2025,3,SMB,Construção,Caju Ciclos,Refeição,Físico,SP,1,1,1,312.30,312.300000,312.30,0
2025-08,2025,3,SMB,Saúde,Despesas Corporativas,Refeição,App,RS,3,1,1,1355.04,451.680000,0.00,3
2025-08,2025,3,SMB,Saúde,Despesas Corporativas,Refeição,Físico,RS,1,1,1,620.25,620.250000,620.25,0
2025-08,2025,3,SMB,Saúde,Caju Ciclos,Refeição,Físico,MG,1,1,1,614.98,614.980000,614.98,0
2025-08,2025,3,SMB,Saúde,Caju Ciclos,Refeição,Online,SP,1,1,1,485.98,485.980000,485.98,0
2025-08,2025,3,SMB,Educação,Caju Ciclos,Refeição,Online,PR,1,1,1,447.18,447.180000,447.18,0
2025-08,2025,3,SMB,Tecnologia,Despesas Corporativas,Refeição,Físico,SP,1,1,1,727.60,727.600000,727.60,0
2025-08,2025,3,SMB,Educação,Caju Ciclos,Saúde,App,MG,1,1,1,109.87,109.870000,109.87,0
2025-08,2025,3,SMB,Educação,Premiações,Saúde,Físico,PR,1,1,1,190.72,190.720000,190.72,0
2025-08,2025,3,SMB,Educação,Premiações,Saúde,Online,RJ,1,1,1,246.29,246.290000,246.29,0
2025-08,2025,3,SMB,Construção,Caju Ciclos,Saúde,App,SP,1,1,1,736.00,736.000000,736.00,0
2025-08,2025,3,SMB,Construção,Caju Ciclos,Saúde,Físico,PR,1,1,1,328.47,328.470000,328.47,0
2025-08,2025,3,SMB,Construção,Caju Ciclos,Saúde,Online,SP,1,1,1,17.69,17.690000,17.69,0
2025-08,2025,3,SMB,Construção,Premiações,Saúde,App,RS,3,1,1,1974.63,658.210000,0.00,3
2025-08,2025,3,Mid-Market,Varejo,Cartão Multi Benefícios,Saúde,App,RJ,1,1,1,527.79,527.790000,527.79,0
2025-08,2025,3,Mid-Market,Varejo,Despesas Corporativas,Saúde,Físico,MG,1,1,1,571.83,571.830000,571.83,0
2025-08,2025,3,Enterprise,Tecnologia,Caju Ciclos,Saúde,App,SP,1,1,1,260.56,260.560000,260.56,0
2025-08,2025,3,Mid-Market,Agronegócio,Caju Ciclos,Saúde,Online,RS,1,1,1,562.40,562.400000,562.40,0
2025-08,2025,3,Enterprise,Financeiro,Cartão Multi Benefícios,Saúde,App,RS,1,1,1,523.28,523.280000,0.00,0
2025-09,2025,3,Enterprise,Financeiro,Despesas Corporativas,Alimentação,Online,MG,1,1,1,388.55,388.550000,388.55,0
2025-09,2025,3,Enterprise,Financeiro,Caju Ciclos,Alimentação,App,RS,1,1,1,546.93,546.930000,546.93,0
2025-09,2025,3,Enterprise,Financeiro,Caju Ciclos,Alimentação,Físico,PR,1,1,1,233.66,233.660000,233.66,0
2025-09,2025,3,Enterprise,Financeiro,Caju Ciclos,Alimentação,Online,PR,1,1,1,440.63,440.630000,440.63,0
2025-09,2025,3,Enterprise,Varejo,Premiações,Alimentação,Físico,MG,1,1,1,9.35,9.350000,9.35,0
2025-09,2025,3,Mid-Market,Logística,Cartão Multi Benefícios,Alimentação,App,MG,1,1,1,654.31,654.310000,654.31,0
2025-09,2025,3,Mid-Market,Logística,Premiações,Alimentação,App,RS,1,1,1,438.60,438.600000,438.60,0
2025-09,2025,3,Mid-Market,Varejo,Cartão Multi Benefícios,Alimentação,Físico,SP,1,1,1,791.31,791.310000,791.31,0
2025-09,2025,3,SMB,Construção,Caju Ciclos,Alimentação,Físico,RS,3,1,1,380.73,126.910000,0.00,3
2025-09,2025,3,SMB,Construção,Despesas Corporativas,Alimentação,App,RS,3,1,1,1996.08,665.360000,0.00,3
2025-09,2025,3,SMB,Construção,Premiações,Alimentação,App,RS,3,1,1,1138.56,379.520000,0.00,3
2025-09,2025,3,SMB,Educação,Caju Ciclos,Alimentação,Físico,PR,1,1,1,395.63,395.630000,395.63,0
2025-09,2025,3,SMB,Saúde,Premiações,Alimentação,Online,SP,1,1,1,76.90,76.900000,76.90,0
2025-09,2025,3,SMB,Tecnologia,Cartão Multi Benefícios,Alimentação,Online,SP,1,1,1,102.74,102.740000,102.74,0
2025-09,2025,3,SMB,Tecnologia,Cartão Multi Benefícios,Cultura,Físico,MG,1,1,1,244.13,244.130000,244.13,0
2025-09,2025,3,SMB,Educação,Premiações,Cultura,App,RS,1,1,1,474.65,474.650000,474.65,0
2025-09,2025,3,Mid-Market,Varejo,Despesas Corporativas,Cultura,Online,MG,1,1,1,658.91,658.910000,658.91,0
2025-09,2025,3,Mid-Market,Logística,Premiações,Cultura,Online,MG,3,1,1,1002.51,334.170000,0.00,3
2025-09,2025,3,Mid-Market,Varejo,Caju Ciclos,Cultura,Físico,PR,1,1,1,655.73,655.730000,655.73,0
2025-09,2025,3,Mid-Market,Varejo,Caju Ciclos,Cultura,Online,PR,1,1,1,383.50,383.500000,383.50,0
2025-09,2025,3,Enterprise,Varejo,Cartão Multi Benefícios,Cultura,Físico,PR,1,1,1,620.90,620.900000,620.90,0
2025-09,2025,3,Enterprise,Financeiro,Despesas Corporativas,Cultura,Online,SP,1,1,1,710.70,710.700000,710.70,0
2025-09,2025,3,Enterprise,Financeiro,Premiações,Educação,App,RJ,1,1,1,310.48,310.480000,310.48,0
2025-09,2025,3,Enterprise,Tecnologia,Despesas Corporativas,Educação,Online,RS,1,1,1,660.35,660.350000,660.35,0
2025-09,2025,3,Enterprise,Tecnologia,Premiações,Educação,Físico,RJ,1,1,1,736.10,736.100000,736.10,0
2025-09,2025,3,Mid-Market,Logística,Premiações,Educação,Online,SP,3,1,1,1148.01,382.670000,0.00,3
2025-09,2025,3,SMB,Saúde,Caju Ciclos,Educação,Físico,RJ,1,1,1,535.97,535.970000,535.97,0
2025-09,2025,3,SMB,Educação,Despesas Corporativas,Flex,Físico,SP,1,1,1,799.02,799.020000,799.02,0
2025-09,2025,3,SMB,Construção,Despesas Corporativas,Flex,Online,SP,3,1,1,2228.97,742.990000,0.00,3
2025-09,2025,3,Enterprise,Tecnologia,Despesas Corporativas,Flex,App,PR,1,1,1,102.46,102.460000,102.46,0
2025-09,2025,3,Enterprise,Financeiro,Cartão Multi Benefícios,Home Office,App,MG,1,1,1,474.15,474.150000,474.15,0
2025-09,2025,3,Enterprise,Varejo,Caju Ciclos,Home Office,App,SP,1,1,1,790.80,790.800000,790.80,0
2025-09,2025,3,Mid-Market,Logística,Despesas Corporativas,Home Office,Online,PR,1,1,1,12.73,12.730000,12.73,0
2025-09,2025,3,Mid-Market,Logística,Premiações,Home Office,Online,SP,1,1,1,467.80,467.800000,467.80,0
2025-09,2025,3,SMB,Tecnologia,Premiações,Home Office,Online,MG,1,1,1,708.30,708.300000,708.30,0
2025-09,2025,3,SMB,Saúde,Cartão Multi Benefícios,Home Office,Online,MG,1,1,1,60.32,60.320000,60.32,0
2025-09,2025,3,SMB,Tecnologia,Caju Ciclos,Home Office,Físico,RS,1,1,1,752.01,752.010000,0.00,0
2025-09,2025,3,SMB,Tecnologia,Caju Ciclos,Home Office,Online,MG,2,2,1,1130.61,565.305000,1130.61,0
2025-09,2025,3,SMB,Tecnologia,Caju Ciclos,Home Office,Online,RJ,1,1,1,251.10,251.100000,251.10,0
2025-09,2025,3,SMB,Saúde,Despesas Corporativas,Mobilidade,Online,RS,1,1,1,580.75,580.750000,580.75,0
2025-09,2025,3,Enterprise,Tecnologia,Premiações,Mobilidade,Online,RS,1,1,1,250.47,250.470000,250.47,0
2025-09,2025,3,Enterprise,Varejo,Cartão Multi Benefícios,Mobilidade,Físico,SP,1,1,1,482.85,482.850000,482.85,0
2025-09,2025,3,SMB,Educação,Premiações,Mobilidade,App,MG,1,1,1,327.70,327.700000,327.70,0
2025-09,2025,3,SMB,Educação,Premiações,Mobilidade,Online,MG,1,1,1,777.96,777.960000,777.96,0
2025-09,2025,3,SMB,Educação,Caju Ciclos,Refeição,Online,MG,1,1,1,382.35,382.350000,382.35,0
2025-09,2025,3,Mid-Market,Varejo,Cartão Multi Benefícios,Refeição,Online,MG,1,1,1,582.24,582.240000,582.24,0
2025-09,2025,3,Mid-Market,Varejo,Cartão Multi Benefícios,Refeição,Online,RJ,1,1,1,123.64,123.640000,123.64,0
2025-09,2025,3,Mid-Market,Varejo,Premiações,Refeição,Físico,RJ,3,1,1,623.43,207.810000,0.00,3
2025-09,2025,3,Mid-Market,Varejo,Premiações,Refeição,Online,PR,1,1,1,763.63,763.630000,763.63,0
2025-09,2025,3,SMB,Construção,Cartão Multi Benefícios,Refeição,Online,RJ,1,1,1,689.06,689.060000,689.06,0
2025-09,2025,3,Enterprise,Varejo,Cartão Multi Benefícios,Refeição,App,SP,1,1,1,89.16,89.160000,89.16,0
2025-09,2025,3,Mid-Market,Agronegócio,Premiações,Refeição,Físico,SP,1,1,1,205.15,205.150000,205.15,0
2025-09,2025,3,Mid-Market,Varejo,Caju Ciclos,Refeição,App,PR,1,1,1,760.90,760.900000,760.90,0
2025-09,2025,3,Enterprise,Tecnologia,Cartão Multi Benefícios,Refeição,Físico,SP,1,1,1,375.10,375.100000,375.10,0
2025-09,2025,3,SMB,Tecnologia,Despesas Corporativas,Refeição,Online,SP,3,1,1,1889.34,629.780000,0.00,3
2025-09,2025,3,SMB,Tecnologia,Caju Ciclos,Saúde,Online,RS,1,1,1,349.12,349.120000,349.12,0
2025-09,2025,3,SMB,Tecnologia,Premiações,Saúde,App,PR,1,1,1,348.17,348.170000,348.17,0
2025-09,2025,3,Enterprise,Financeiro,Despesas Corporativas,Saúde,Físico,RJ,1,1,1,543.44,543.440000,543.44,0
2025-09,2025,3,Mid-Market,Varejo,Caju Ciclos,Saúde,Físico,RS,3,1,1,1959.72,653.240000,0.00,3
2025-09,2025,3,Mid-Market,Logística,Cartão Multi Benefícios,Saúde,Online,PR,1,1,1,459.30,459.300000,459.30,0
2025-09,2025,3,Enterprise,Tecnologia,Premiações,Saúde,Online,SP,1,1,1,550.54,550.540000,550.54,0
2025-09,2025,3,SMB,Construção,Premiações,Saúde,App,RS,1,1,1,141.58,141.580000,141.58,0
2025-09,2025,3,SMB,Construção,Premiações,Saúde,Online,SP,1,1,1,724.05,724.050000,724.05,0
2025-10,2025,4,Mid-Market,Varejo,Cartão Multi Benefícios,Alimentação,Online,PR,1,1,1,766.44,766.440000,766.44,0
2025-10,2025,4,Mid-Market,Varejo,Premiações,Alimentação,App,RS,1,1,1,100.39,100.390000,100.39,0
2025-10,2025,4,SMB,Construção,Caju Ciclos,Alimentação,App,RS,3,1,1,1603.02,534.340000,0.00,3
2025-10,2025,4,SMB,Construção,Despesas Corporativas,Alimentação,App,PR,1,1,1,172.77,172.770000,172.77,0
2025-10,2025,4,SMB,Construção,Despesas Corporativas,Alimentação,Físico,SP,1,1,1,587.14,587.140000,587.14,0
2025-10,2025,4,SMB,Construção,Premiações,Alimentação,App,RJ,1,1,1,681.78,681.780000,681.78,0
2025-10,2025,4,SMB,Educação,Despesas Corporativas,Alimentação,Físico,PR,1,1,1,771.14,771.140000,771.14,0
2025-10,2025,4,SMB,Saúde,Cartão Multi Benefícios,Alimentação,App,MG,1,1,1,719.49,719.490000,719.49,0
2025-10,2025,4,SMB,Saúde,Cartão Multi Benefícios,Cultura,Físico,SP,4,2,1,2497.16,624.290000,695.30,3
2025-10,2025,4,SMB,Saúde,Despesas Corporativas,Cultura,Online,SP,3,1,1,1758.63,586.210000,0.00,3
2025-10,2025,4,SMB,Educação,Despesas Corporativas,Cultura,Online,SP,1,1,1,254.67,254.670000,254.67,0
2025-10,2025,4,SMB,Construção,Cartão Multi Benefícios,Cultura,Físico,SP,3,1,1,220.26,73.420000,0.00,3
2025-10,2025,4,Mid-Market,Varejo,Cartão Multi Benefícios,Cultura,Físico,MG,1,1,1,441.23,441.230000,441.23,0
2025-10,2025,4,Mid-Market,Logística,Caju Ciclos,Cultura,Físico,RJ,1,1,1,732.52,732.520000,732.52,0
2025-10,2025,4,Enterprise,Financeiro,Premiações,Cultura,App,PR,1,1,1,194.42,194.420000,194.42,0
2025-10,2025,4,Enterprise,Tecnologia,Caju Ciclos,Cultura,Físico,MG,1,1,1,48.58,48.580000,48.58,0
2025-10,2025,4,Enterprise,Tecnologia,Despesas Corporativas,Cultura,Online,SP,1,1,1,396.77,396.770000,396.77,0
2025-10,2025,4,Enterprise,Tecnologia,Premiações,Educação,App,PR,1,1,1,486.91,486.910000,486.91,0
2025-10,2025,4,Enterprise,Varejo,Caju Ciclos,Educação,Físico,RS,1,1,1,14.06,14.060000,14.06,0
2025-10,2025,4,Enterprise,Tecnologia,Cartão Multi Benefícios,Educação,Online,PR,1,1,1,183.76,183.760000,183.76,0
2025-10,2025,4,Enterprise,Financeiro,Despesas Corporativas,Educação,App,PR,1,1,1,737.37,737.370000,737.37,0
2025-10,2025,4,Mid-Market,Logística,Premiações,Educação,Online,MG,1,1,1,124.27,124.270000,124.27,0
2025-10,2025,4,Mid-Market,Varejo,Cartão Multi Benefícios,Educação,Online,MG,1,1,1,564.93,564.930000,564.93,0
2025-10,2025,4,Mid-Market,Varejo,Premiações,Educação,Físico,MG,3,1,1,885.87,295.290000,0.00,3
2025-10,2025,4,Mid-Market,Varejo,Premiações,Educação,Online,SP,1,1,1,7.57,7.570000,7.57,0
2025-10,2025,4,SMB,Construção,Caju Ciclos,Educação,Físico,SP,1,1,1,219.30,219.300000,219.30,0
2025-10,2025,4,SMB,Educação,Premiações,Educação,Online,PR,1,1,1,278.93,278.930000,278.93,0
2025-10,2025,4,SMB,Saúde,Despesas Corporativas,Educação,App,MG,1,1,1,344.25,344.250000,344.25,0
2025-10,2025,4,SMB,Tecnologia,Cartão Multi Benefícios,Educação,Online,RS,3,1,1,789.21,263.070000,0.00,3
2025-10,2025,4,SMB,Saúde,Caju Ciclos,Flex,Físico,RJ,1,1,1,660.60,660.600000,660.60,0
2025-10,2025,4,SMB,Saúde,Premiações,Flex,Físico,PR,1,1,1,486.56,486.560000,486.56,0
2025-10,2025,4,SMB,Educação,Caju Ciclos,Flex,Físico,MG,1,1,1,705.60,705.600000,705.60,0
2025-10,2025,4,SMB,Construção,Cartão Multi Benefícios,Flex,Online,RJ,1,1,1,105.60,105.600000,105.60,0
2025-10,2025,4,Mid-Market,Varejo,Cartão Multi Benefícios,Flex,App,SP,1,1,1,146.08,146.080000,146.08,0
2025-10,2025,4,Mid-Market,Varejo,Cartão Multi Benefícios,Flex,Online,RJ,1,1,1,737.04,737.040000,737.04,0
2025-10,2025,4,Mid-Market,Logística,Cartão Multi Benefícios,Flex,App,MG,1,1,1,623.14,623.140000,623.14,0
2025-10,2025,4,Mid-Market,Logística,Caju Ciclos,Flex,Online,SP,1,1,1,579.56,579.560000,579.56,0
2025-10,2025,4,Enterprise,Financeiro,Cartão Multi Benefícios,Flex,Físico,PR,1,1,1,397.75,397.750000,397.75,0
2025-10,2025,4,Enterprise,Varejo,Caju Ciclos,Flex,App,SP,1,1,1,597.71,597.710000,597.71,0
2025-10,2025,4,Mid-Market,Agronegócio,Caju Ciclos,Flex,Físico,MG,3,1,1,1945.62,648.540000,0.00,3
2025-10,2025,4,Mid-Market,Agronegócio,Cartão Multi Benefícios,Home Office,App,PR,1,1,1,701.62,701.620000,701.62,0
2025-10,2025,4,Enterprise,Varejo,Premiações,Home Office,App,RS,1,1,1,639.03,639.030000,639.03,0
2025-10,2025,4,Enterprise,Tecnologia,Cartão Multi Benefícios,Home Office,Online,RJ,1,1,1,546.51,546.510000,546.51,0
2025-10,2025,4,Mid-Market,Logística,Caju Ciclos,Home Office,Online,PR,1,1,1,662.88,662.880000,0.00,0
2025-10,2025,4,SMB,Educação,Despesas Corporativas,Home Office,App,RS,3,1,1,2394.63,798.210000,0.00,3
2025-10,2025,4,SMB,Tecnologia,Caju Ciclos,Home Office,Online,RS,1,1,1,483.94,483.940000,483.94,0
2025-10,2025,4,SMB,Tecnologia,Despesas Corporativas,Home Office,App,PR,1,1,1,131.77,131.770000,131.77,0
2025-10,2025,4,SMB,Tecnologia,Despesas Corporativas,Home Office,Físico,PR,1,1,1,764.00,764.000000,764.00,0
2025-10,2025,4,SMB,Tecnologia,Premiações,Home Office,App,SP,1,1,1,388.20,388.200000,388.20,0
2025-10,2025,4,Enterprise,Varejo,Despesas Corporativas,Mobilidade,App,RJ,1,1,1,542.80,542.800000,542.80,0
2025-10,2025,4,SMB,Saúde,Despesas Corporativas,Mobilidade,App,MG,1,1,1,421.39,421.390000,421.39,0
2025-10,2025,4,SMB,Educação,Despesas Corporativas,Mobilidade,App,RJ,1,1,1,453.44,453.440000,453.44,0
2025-10,2025,4,SMB,Educação,Caju Ciclos,Mobilidade,Físico,PR,1,1,1,721.95,721.950000,721.95,0
2025-10,2025,4,Mid-Market,Logística,Despesas Corporativas,Mobilidade,App,RJ,1,1,1,139.67,139.670000,139.67,0
2025-10,2025,4,Mid-Market,Logística,Premiações,Mobilidade,App,SP,1,1,1,198.03,198.030000,198.03,0
2025-10,2025,4,SMB,Construção,Cartão Multi Benefícios,Mobilidade,Online,MG,1,1,1,652.92,652.920000,652.92,0
2025-10,2025,4,Mid-Market,Varejo,Premiações,Mobilidade,App,RS,1,1,1,736.22,736.220000,736.22,0
2025-10,2025,4,Mid-Market,Varejo,Premiações,Mobilidade,Físico,RS,1,1,1,456.81,456.810000,456.81,0
2025-10,2025,4,SMB,Construção,Premiações,Mobilidade,Físico,PR,1,1,1,162.06,162.060000,162.06,0
2025-10,2025,4,SMB,Construção,Premiações,Mobilidade,Online,RJ,1,1,1,372.80,372.800000,372.80,0
2025-10,2025,4,Enterprise,Tecnologia,Cartão Multi Benefícios,Mobilidade,Online,PR,1,1,1,767.04,767.040000,767.04,0
2025-10,2025,4,Enterprise,Tecnologia,Premiações,Mobilidade,App,MG,1,1,1,529.84,529.840000,529.84,0
2025-10,2025,4,Enterprise,Varejo,Premiações,Mobilidade,Físico,RS,1,1,1,705.02,705.020000,705.02,0
2025-10,2025,4,Mid-Market,Agronegócio,Cartão Multi Benefícios,Mobilidade,Físico,SP,1,1,1,688.24,688.240000,688.24,0
2025-10,2025,4,Mid-Market,Agronegócio,Caju Ciclos,Refeição,Físico,SP,1,1,1,493.40,493.400000,493.40,0
2025-10,2025,4,Enterprise,Varejo,Premiações,Refeição,App,RS,3,1,1,1900.32,633.440000,0.00,3
2025-10,2025,4,Enterprise,Varejo,Premiações,Refeição,Online,MG,1,1,1,435.98,435.980000,435.98,0
2025-10,2025,4,Enterprise,Financeiro,Caju Ciclos,Refeição,App,MG,3,1,1,2369.58,789.860000,0.00,3
2025-10,2025,4,SMB,Construção,Premiações,Refeição,Online,PR,1,1,1,545.79,545.790000,545.79,0
2025-10,2025,4,SMB,Construção,Despesas Corporativas,Refeição,Físico,SP,1,1,1,168.73,168.730000,168.73,0
2025-10,2025,4,Mid-Market,Varejo,Premiações,Refeição,Online,PR,1,1,1,333.96,333.960000,333.96,0
2025-10,2025,4,Mid-Market,Varejo,Caju Ciclos,Refeição,App,PR,1,1,1,543.73,543.730000,543.73,0
2025-10,2025,4,Mid-Market,Logística,Caju Ciclos,Refeição,Online,RS,1,1,1,143.68,143.680000,0.00,0
2025-10,2025,4,Mid-Market,Varejo,Cartão Multi Benefícios,Refeição,App,RS,1,1,1,699.28,699.280000,699.28,0
2025-10,2025,4,Mid-Market,Varejo,Cartão Multi Benefícios,Refeição,Físico,MG,1,1,1,425.63,425.630000,425.63,0
2025-10,2025,4,SMB,Educação,Caju Ciclos,Refeição,Físico,MG,1,1,1,291.75,291.750000,291.75,0
2025-10,2025,4,SMB,Educação,Premiações,Refeição,Online,RS,1,1,1,150.63,150.630000,150.63,0
2025-10,2025,4,SMB,Tecnologia,Premiações,Refeição,Físico,PR,1,1,1,772.74,772.740000,772.74,0
2025-10,2025,4,SMB,Tecnologia,Cartão Multi Benefícios,Saúde,Físico,PR,1,1,1,494.57,494.570000,494.57,0
2025-10,2025,4,Mid-Market,Varejo,Cartão Multi Benefícios,Saúde,App,PR,1,1,1,733.23,733.230000,733.23,0
2025-10,2025,4,Mid-Market,Varejo,Cartão Multi Benefícios,Saúde,App,RS,1,1,1,233.82,233.820000,233.82,0
2025-10,2025,4,Mid-Market,Varejo,Premiações,Saúde,Online,SP,1,1,1,553.67,553.670000,553.67,0
2025-10,2025,4,SMB,Construção,Cartão Multi Benefícios,Saúde,Online,RJ,1,1,1,83.45,83.450000,83.45,0
2025-10,2025,4,Enterprise,Financeiro,Caju Ciclos,Saúde,Físico,SP,1,1,1,641.49,641.490000,641.49,0
2025-10,2025,4,Enterprise,Financeiro,Cartão Multi Benefícios,Saúde,Online,RS,1,1,1,43.13,43.130000,43.13,0
2025-10,2025,4,Mid-Market,Agronegócio,Despesas Corporativas,Saúde,Online,PR,1,1,1,144.29,144.290000,144.29,0
2025-10,2025,4,Enterprise,Varejo,Caju Ciclos,Saúde,Online,RJ,1,1,1,714.26,714.260000,714.26,0
2025-10,2025,4,Enterprise,Tecnologia,Caju Ciclos,Saúde,App,RS,1,1,1,718.61,718.610000,0.00,0
2025-11,2025,4,Enterprise,Tecnologia,Cartão Multi Benefícios,Alimentação,Online,RS,1,1,1,652.63,652.630000,652.63,0
2025-11,2025,4,Enterprise,Financeiro,Caju Ciclos,Alimentação,Online,MG,1,1,1,309.90,309.900000,309.90,0
2025-11,2025,4,Enterprise,Varejo,Cartão Multi Benefícios,Alimentação,Físico,SP,1,1,1,659.37,659.370000,659.37,0
2025-11,2025,4,Enterprise,Varejo,Despesas Corporativas,Alimentação,Físico,RJ,1,1,1,221.30,221.300000,221.30,0
2025-11,2025,4,Mid-Market,Varejo,Despesas Corporativas,Alimentação,Físico,PR,1,1,1,445.96,445.960000,445.96,0
2025-11,2025,4,Mid-Market,Logística,Despesas Corporativas,Alimentação,Físico,SP,1,1,1,421.60,421.600000,421.60,0
2025-11,2025,4,SMB,Construção,Cartão Multi Benefícios,Alimentação,App,MG,1,1,1,31.21,31.210000,31.21,0
2025-11,2025,4,SMB,Educação,Caju Ciclos,Alimentação,App,SP,1,1,1,257.17,257.170000,257.17,0
2025-11,2025,4,SMB,Educação,Cartão Multi Benefícios,Alimentação,Online,MG,1,1,1,277.14,277.140000,277.14,0
2025-11,2025,4,SMB,Educação,Despesas Corporativas,Alimentação,Físico,SP,1,1,1,20.96,20.960000,20.96,0
2025-11,2025,4,SMB,Saúde,Cartão Multi Benefícios,Alimentação,App,MG,1,1,1,792.15,792.150000,792.15,0
2025-11,2025,4,SMB,Saúde,Premiações,Alimentação,App,PR,1,1,1,544.13,544.130000,544.13,0
2025-11,2025,4,SMB,Tecnologia,Cartão Multi Benefícios,Alimentação,Físico,PR,1,1,1,181.67,181.670000,181.67,0
2025-11,2025,4,SMB,Tecnologia,Despesas Corporativas,Alimentação,Físico,RS,1,1,1,718.73,718.730000,718.73,0
2025-11,2025,4,SMB,Tecnologia,Premiações,Cultura,App,MG,1,1,1,370.29,370.290000,370.29,0
2025-11,2025,4,Mid-Market,Varejo,Caju Ciclos,Cultura,Físico,RJ,1,1,1,230.46,230.460000,230.46,0
2025-11,2025,4,SMB,Tecnologia,Caju Ciclos,Cultura,Online,RJ,3,1,1,2292.12,764.040000,0.00,3
2025-11,2025,4,SMB,Educação,Premiações,Cultura,Online,MG,1,1,1,784.46,784.460000,0.00,0
2025-11,2025,4,SMB,Construção,Despesas Corporativas,Cultura,Físico,RJ,1,1,1,745.54,745.540000,745.54,0
2025-11,2025,4,SMB,Construção,Despesas Corporativas,Cultura,Online,RS,3,1,1,2161.71,720.570000,0.00,3
2025-11,2025,4,Mid-Market,Varejo,Premiações,Cultura,App,MG,1,1,1,458.28,458.280000,458.28,0
2025-11,2025,4,Mid-Market,Varejo,Premiações,Cultura,Online,MG,1,1,1,716.60,716.600000,716.60,0
2025-11,2025,4,Mid-Market,Logística,Caju Ciclos,Cultura,App,MG,3,1,1,2310.87,770.290000,0.00,3
2025-11,2025,4,Enterprise,Financeiro,Despesas Corporativas,Cultura,Físico,MG,1,1,1,357.48,357.480000,0.00,0
2025-11,2025,4,Enterprise,Financeiro,Despesas Corporativas,Educação,Online,MG,1,1,1,27.61,27.610000,27.61,0
2025-11,2025,4,Enterprise,Financeiro,Caju Ciclos,Educação,Físico,SP,3,1,1,969.42,323.140000,0.00,3
2025-11,2025,4,Enterprise,Tecnologia,Despesas Corporativas,Educação,App,RS,1,1,1,657.37,657.370000,657.37,0
2025-11,2025,4,Enterprise,Tecnologia,Despesas Corporativas,Educação,Online,PR,1,1,1,172.42,172.420000,172.42,0
2025-11,2025,4,Enterprise,Varejo,Caju Ciclos,Educação,App,SP,1,1,1,134.42,134.420000,134.42,0
2025-11,2025,4,Mid-Market,Agronegócio,Despesas Corporativas,Educação,Online,RS,1,1,1,427.66,427.660000,427.66,0
2025-11,2025,4,Mid-Market,Varejo,Premiações,Educação,App,MG,3,1,1,396.15,132.050000,0.00,3
2025-11,2025,4,SMB,Construção,Premiações,Educação,Físico,RS,1,1,1,580.47,580.470000,580.47,0
2025-11,2025,4,SMB,Construção,Cartão Multi Benefícios,Educação,Físico,RJ,1,1,1,311.69,311.690000,311.69,0
2025-11,2025,4,Mid-Market,Logística,Premiações,Educação,Online,PR,1,1,1,524.98,524.980000,524.98,0
2025-11,2025,4,Mid-Market,Logística,Despesas Corporativas,Educação,App,PR,1,1,1,523.18,523.180000,0.00,0
2025-11,2025,4,Mid-Market,Logística,Despesas Corporativas,Educação,App,RS,1,1,1,448.92,448.920000,448.92,0
2025-11,2025,4,SMB,Saúde,Caju Ciclos,Educação,Físico,PR,1,1,1,52.63,52.630000,52.63,0
2025-11,2025,4,SMB,Tecnologia,Premiações,Educação,Físico,MG,1,1,1,70.75,70.750000,70.75,0
2025-11,2025,4,SMB,Tecnologia,Despesas Corporativas,Educação,Online,SP,1,1,1,388.57,388.570000,388.57,0
2025-11,2025,4,SMB,Saúde,Caju Ciclos,Flex,App,RS,1,1,1,693.17,693.170000,693.17,0
2025-11,2025,4,SMB,Saúde,Caju Ciclos,Flex,Online,RS,1,1,1,448.17,448.170000,448.17,0
2025-11,2025,4,SMB,Saúde,Despesas Corporativas,Flex,Online,RJ,1,1,1,451.17,451.170000,451.17,0
2025-11,2025,4,SMB,Educação,Premiações,Flex,Físico,RS,1,1,1,205.76,205.760000,205.76,0
2025-11,2025,4,SMB,Saúde,Premiações,Flex,Físico,RJ,1,1,1,451.38,451.380000,451.38,0
2025-11,2025,4,SMB,Saúde,Premiações,Flex,Online,MG,1,1,1,217.20,217.200000,217.20,0
2025-11,2025,4,SMB,Educação,Caju Ciclos,Flex,Online,MG,1,1,1,78.26,78.260000,78.26,0
2025-11,2025,4,Enterprise,Financeiro,Despesas Corporativas,Flex,Online,RJ,1,1,1,673.33,673.330000,673.33,0
2025-11,2025,4,Enterprise,Financeiro,Premiações,Flex,Físico,RJ,1,1,1,78.81,78.810000,78.81,0
2025-11,2025,4,Enterprise,Financeiro,Premiações,Home Office,App,PR,1,1,1,297.76,297.760000,297.76,0
2025-11,2025,4,Enterprise,Tecnologia,Despesas Corporativas,Home Office,Físico,SP,1,1,1,288.79,288.790000,288.79,0
2025-11,2025,4,SMB,Construção,Despesas Corporativas,Home Office,Online,SP,1,1,1,193.67,193.670000,193.67,0
2025-11,2025,4,Mid-Market,Logística,Despesas Corporativas,Home Office,Físico,RJ,1,1,1,726.44,726.440000,726.44,0
2025-11,2025,4,Mid-Market,Varejo,Premiações,Home Office,Online,PR,1,1,1,22.12,22.120000,0.00,0
2025-11,2025,4,SMB,Tecnologia,Caju Ciclos,Home Office,App,SP,1,1,1,757.46,757.460000,757.46,0
2025-11,2025,4,SMB,Tecnologia,Cartão Multi Benefícios,Home Office,App,PR,1,1,1,293.53,293.530000,293.53,0
2025-11,2025,4,SMB,Tecnologia,Cartão Multi Benefícios,Home Office,App,SP,1,1,1,700.46,700.460000,700.46,0
2025-11,2025,4,SMB,Educação,Premiações,Home Office,Físico,RS,1,1,1,23.34,23.340000,23.34,0
2025-11,2025,4,SMB,Saúde,Despesas Corporativas,Home Office,Online,RS,1,1,1,655.95,655.950000,655.95,0
2025-11,2025,4,SMB,Tecnologia,Premiações,Mobilidade,Online,SP,1,1,1,46.69,46.690000,46.69,0
2025-11,2025,4,Mid-Market,Varejo,Premiações,Mobilidade,Online,MG,1,1,1,394.61,394.610000,0.00,0
2025-11,2025,4,SMB,Construção,Caju Ciclos,Mobilidade,Físico,RS,1,1,1,362.50,362.500000,362.50,0
2025-11,2025,4,Mid-Market,Logística,Despesas Corporativas,Mobilidade,Online,SP,1,1,1,649.63,649.630000,649.63,0
2025-11,2025,4,SMB,Construção,Premiações,Mobilidade,Online,SP,1,1,1,113.72,113.720000,113.72,0
2025-11,2025,4,Enterprise,Tecnologia,Despesas Corporativas,Mobilidade,App,SP,1,1,1,427.86,427.860000,427.86,0
2025-11,2025,4,Enterprise,Tecnologia,Despesas Corporativas,Mobilidade,Online,RJ,1,1,1,218.35,218.350000,218.35,0
2025-11,2025,4,Enterprise,Tecnologia,Despesas Corporativas,Refeição,App,RJ,3,1,1,1966.80,655.600000,0.00,3
2025-11,2025,4,Enterprise,Tecnologia,Premiações,Refeição,Físico,SP,1,1,1,386.66,386.660000,386.66,0
2025-11,2025,4,Enterprise,Tecnologia,Cartão Multi Benefícios,Refeição,Online,RS,1,1,1,452.59,452.590000,452.59,0
2025-11,2025,4,SMB,Construção,Premiações,Refeição,App,PR,1,1,1,347.93,347.930000,347.93,0
2025-11,2025,4,SMB,Construção,Cartão Multi Benefícios,Refeição,Online,SP,1,1,1,352.24,352.240000,352.24,0
2025-11,2025,4,SMB,Construção,Caju Ciclos,Refeição,Físico,RS,1,1,1,210.56,210.560000,210.56,0
2025-11,2025,4,Mid-Market,Agronegócio,Premiações,Refeição,App,MG,1,1,1,522.04,522.040000,522.04,0
2025-11,2025,4,Mid-Market,Logística,Caju Ciclos,Refeição,Físico,PR,1,1,1,515.88,515.880000,515.88,0
2025-11,2025,4,Mid-Market,Logística,Caju Ciclos,Refeição,Físico,RJ,1,1,1,763.95,763.950000,0.00,0
2025-11,2025,4,SMB,Tecnologia,Premiações,Refeição,App,SP,1,1,1,598.61,598.610000,598.61,0
2025-11,2025,4,SMB,Tecnologia,Despesas Corporativas,Saúde,App,RJ,1,1,1,627.39,627.390000,627.39,0
2025-11,2025,4,SMB,Tecnologia,Cartão Multi Benefícios,Saúde,Físico,RS,1,1,1,743.75,743.750000,743.75,0
2025-11,2025,4,Enterprise,Varejo,Caju Ciclos,Saúde,Físico,RS,1,1,1,166.67,166.670000,0.00,0
2025-11,2025,4,Mid-Market,Logística,Premiações,Saúde,App,SP,1,1,1,587.77,587.770000,587.77,0
2025-11,2025,4,SMB,Construção,Premiações,Saúde,Online,PR,1,1,1,689.45,689.450000,689.45,0
2025-11,2025,4,Enterprise,Tecnologia,Caju Ciclos,Saúde,Online,PR,1,1,1,231.15,231.150000,231.15,0
2025-11,2025,4,Enterprise,Financeiro,Cartão Multi Benefícios,Saúde,Online,RJ,1,1,1,95.07,95.070000,0.00,0
2025-12,2025,4,Enterprise,Tecnologia,Premiações,Alimentação,Online,RJ,1,1,1,559.89,559.890000,559.89,0
2025-12,2025,4,Mid-Market,Varejo,Despesas Corporativas,Alimentação,App,PR,1,1,1,567.21,567.210000,567.21,0
2025-12,2025,4,Mid-Market,Varejo,Despesas Corporativas,Alimentação,Físico,MG,3,1,1,1591.14,530.380000,0.00,3
2025-12,2025,4,SMB,Construção,Despesas Corporativas,Alimentação,App,RS,1,1,1,100.08,100.080000,100.08,0
2025-12,2025,4,SMB,Educação,Despesas Corporativas,Alimentação,Físico,MG,1,1,1,567.14,567.140000,567.14,0
2025-12,2025,4,SMB,Tecnologia,Cartão Multi Benefícios,Alimentação,Físico,SP,1,1,1,213.98,213.980000,213.98,0
2025-12,2025,4,SMB,Tecnologia,Cartão Multi Benefícios,Cultura,Físico,SP,1,1,1,217.25,217.250000,217.25,0
2025-12,2025,4,SMB,Tecnologia,Despesas Corporativas,Cultura,App,RS,1,1,1,751.42,751.420000,751.42,0
2025-12,2025,4,SMB,Educação,Caju Ciclos,Cultura,App,RS,1,1,1,236.61,236.610000,236.61,0
2025-12,2025,4,SMB,Saúde,Cartão Multi Benefícios,Cultura,App,SP,1,1,1,724.96,724.960000,724.96,0
2025-12,2025,4,Mid-Market,Agronegócio,Premiações,Cultura,Físico,PR,1,1,1,153.93,153.930000,153.93,0
2025-12,2025,4,Mid-Market,Logística,Caju Ciclos,Cultura,Físico,RS,1,1,1,252.60,252.600000,252.60,0
2025-12,2025,4,Mid-Market,Logística,Premiações,Cultura,Online,SP,1,1,1,392.90,392.900000,0.00,0
2025-12,2025,4,Enterprise,Financeiro,Caju Ciclos,Cultura,Online,MG,1,1,1,665.56,665.560000,665.56,0
2025-12,2025,4,Enterprise,Varejo,Caju Ciclos,Cultura,App,RS,1,1,1,314.95,314.950000,314.95,0
2025-12,2025,4,Enterprise,Tecnologia,Despesas Corporativas,Educação,App,RS,3,1,1,1102.47,367.490000,0.00,3
2025-12,2025,4,Enterprise,Financeiro,Caju Ciclos,Educação,App,RS,1,1,1,447.79,447.790000,447.79,0
2025-12,2025,4,Enterprise,Financeiro,Despesas Corporativas,Educação,App,RS,1,1,1,6.56,6.560000,6.56,0
2025-12,2025,4,Enterprise,Financeiro,Premiações,Educação,Físico,RS,1,1,1,66.00,66.000000,66.00,0
2025-12,2025,4,Mid-Market,Logística,Caju Ciclos,Educação,Físico,MG,1,1,1,195.25,195.250000,195.25,0
2025-12,2025,4,Mid-Market,Agronegócio,Cartão Multi Benefícios,Educação,Físico,PR,1,1,1,401.90,401.900000,401.90,0
2025-12,2025,4,SMB,Tecnologia,Caju Ciclos,Educação,App,RJ,1,1,1,337.38,337.380000,337.38,0
2025-12,2025,4,SMB,Saúde,Premiações,Educação,Físico,RJ,1,1,1,695.50,695.500000,695.50,0
2025-12,2025,4,SMB,Saúde,Caju Ciclos,Educação,App,RS,1,1,1,572.35,572.350000,572.35,0
2025-12,2025,4,SMB,Tecnologia,Cartão Multi Benefícios,Educação,Online,RS,1,1,1,734.18,734.180000,734.18,0
2025-12,2025,4,SMB,Construção,Cartão Multi Benefícios,Educação,Online,PR,3,1,1,896.82,298.940000,0.00,3
2025-12,2025,4,SMB,Educação,Despesas Corporativas,Flex,App,RS,1,1,1,245.96,245.960000,245.96,0
2025-12,2025,4,SMB,Tecnologia,Caju Ciclos,Flex,Físico,PR,1,1,1,475.89,475.890000,475.89,0
2025-12,2025,4,Mid-Market,Varejo,Caju Ciclos,Flex,App,MG,1,1,1,78.04,78.040000,78.04,0
2025-12,2025,4,Mid-Market,Varejo,Caju Ciclos,Flex,Físico,RJ,1,1,1,527.59,527.590000,527.59,0
2025-12,2025,4,SMB,Construção,Caju Ciclos,Flex,Online,MG,1,1,1,495.02,495.020000,495.02,0
2025-12,2025,4,SMB,Construção,Premiações,Flex,Físico,PR,1,1,1,668.77,668.770000,668.77,0
2025-12,2025,4,SMB,Educação,Cartão Multi Benefícios,Flex,App,SP,1,1,1,276.30,276.300000,276.30,0
2025-12,2025,4,Enterprise,Financeiro,Caju Ciclos,Flex,Físico,MG,1,1,1,15.71,15.710000,15.71,0
2025-12,2025,4,Enterprise,Tecnologia,Despesas Corporativas,Flex,Físico,SP,1,1,1,351.93,351.930000,351.93,0
2025-12,2025,4,Enterprise,Tecnologia,Caju Ciclos,Home Office,Físico,SP,1,1,1,313.52,313.520000,313.52,0
2025-12,2025,4,Enterprise,Varejo,Caju Ciclos,Home Office,Físico,PR,1,1,1,306.81,306.810000,0.00,0
2025-12,2025,4,SMB,Educação,Cartão Multi Benefícios,Home Office,Físico,SP,1,1,1,644.24,644.240000,644.24,0
2025-12,2025,4,SMB,Construção,Despesas Corporativas,Home Office,Online,RS,1,1,1,194.96,194.960000,194.96,0
2025-12,2025,4,Enterprise,Tecnologia,Premiações,Home Office,Online,MG,1,1,1,268.90,268.900000,268.90,0
2025-12,2025,4,Enterprise,Varejo,Premiações,Home Office,Físico,SP,1,1,1,552.54,552.540000,552.54,0
2025-12,2025,4,Enterprise,Varejo,Premiações,Home Office,Online,MG,1,1,1,350.33,350.330000,350.33,0
2025-12,2025,4,SMB,Tecnologia,Cartão Multi Benefícios,Home Office,Online,SP,1,1,1,597.48,597.480000,597.48,0
2025-12,2025,4,SMB,Tecnologia,Premiações,Home Office,Físico,RJ,1,1,1,116.96,116.960000,116.96,0
2025-12,2025,4,SMB,Tecnologia,Premiações,Home Office,Físico,RS,1,1,1,205.02,205.020000,205.02,0
2025-12,2025,4,SMB,Educação,Premiações,Mobilidade,App,PR,1,1,1,86.85,86.850000,86.85,0
2025-12,2025,4,SMB,Saúde,Caju Ciclos,Mobilidade,App,SP,1,1,1,423.40,423.400000,423.40,0
2025-12,2025,4,Enterprise,Varejo,Premiações,Mobilidade,Físico,MG,1,1,1,445.03,445.030000,445.03,0
2025-12,2025,4,Mid-Market,Varejo,Caju Ciclos,Mobilidade,App,SP,1,1,1,327.71,327.710000,0.00,0
2025-12,2025,4,Mid-Market,Varejo,Cartão Multi Benefícios,Mobilidade,Físico,MG,1,1,1,654.29,654.290000,654.29,0
2025-12,2025,4,SMB,Construção,Despesas Corporativas,Mobilidade,Físico,RJ,3,1,1,1567.65,522.550000,0.00,3
2025-12,2025,4,SMB,Educação,Cartão Multi Benefícios,Mobilidade,App,SP,1,1,1,748.73,748.730000,748.73,0
2025-12,2025,4,Mid-Market,Varejo,Premiações,Mobilidade,Online,SP,3,1,1,1920.15,640.050000,0.00,3
2025-12,2025,4,Enterprise,Financeiro,Premiações,Mobilidade,Físico,SP,1,1,1,60.98,60.980000,60.98,0
2025-12,2025,4,Enterprise,Varejo,Caju Ciclos,Refeição,Online,RJ,1,1,1,37.41,37.410000,37.41,0
2025-12,2025,4,Enterprise,Varejo,Caju Ciclos,Refeição,Online,RS,1,1,1,23.57,23.570000,23.57,0
2025-12,2025,4,Mid-Market,Logística,Despesas Corporativas,Refeição,Online,PR,1,1,1,694.88,694.880000,694.88,0
2025-12,2025,4,SMB,Construção,Caju Ciclos,Refeição,App,RJ,1,1,1,729.84,729.840000,729.84,0
2025-12,2025,4,Mid-Market,Agronegócio,Premiações,Refeição,Online,RJ,1,1,1,359.63,359.630000,359.63,0
2025-12,2025,4,SMB,Educação,Cartão Multi Benefícios,Refeição,Online,PR,1,1,1,722.84,722.840000,722.84,0
2025-12,2025,4,SMB,Construção,Premiações,Refeição,App,SP,1,1,1,395.68,395.680000,395.68,0
2025-12,2025,4,Mid-Market,Agronegócio,Cartão Multi Benefícios,Refeição,Físico,MG,1,1,1,175.46,175.460000,175.46,0
2025-12,2025,4,SMB,Saúde,Premiações,Refeição,App,SP,1,1,1,509.65,509.650000,509.65,0
2025-12,2025,4,SMB,Saúde,Premiações,Refeição,Físico,RS,1,1,1,478.68,478.680000,478.68,0
2025-12,2025,4,SMB,Tecnologia,Premiações,Refeição,Físico,PR,1,1,1,123.20,123.200000,123.20,0
2025-12,2025,4,SMB,Tecnologia,Cartão Multi Benefícios,Refeição,App,PR,1,1,1,745.08,745.080000,745.08,0
2025-12,2025,4,SMB,Tecnologia,Cartão Multi Benefícios,Refeição,App,RJ,1,1,1,340.80,340.800000,340.80,0
2025-12,2025,4,SMB,Tecnologia,Despesas Corporativas,Refeição,App,PR,1,1,1,280.69,280.690000,280.69,0
2025-12,2025,4,SMB,Tecnologia,Despesas Corporativas,Refeição,Físico,RJ,1,1,1,719.95,719.950000,719.95,0
2025-12,2025,4,SMB,Tecnologia,Despesas Corporativas,Saúde,App,RS,1,1,1,232.37,232.370000,232.37,0
2025-12,2025,4,SMB,Tecnologia,Despesas Corporativas,Saúde,Online,SP,1,1,1,588.76,588.760000,588.76,0
2025-12,2025,4,SMB,Saúde,Premiações,Saúde,Online,MG,1,1,1,440.21,440.210000,440.21,0
2025-12,2025,4,SMB,Tecnologia,Caju Ciclos,Saúde,Físico,SP,1,1,1,24.44,24.440000,24.44,0
2025-12,2025,4,SMB,Saúde,Despesas Corporativas,Saúde,Online,PR,1,1,1,494.88,494.880000,0.00,0
2025-12,2025,4,SMB,Educação,Caju Ciclos,Saúde,Online,PR,1,1,1,568.54,568.540000,568.54,0
2025-12,2025,4,SMB,Educação,Premiações,Saúde,App,MG,1,1,1,305.21,305.210000,305.21,0
2025-12,2025,4,Enterprise,Varejo,Premiações,Saúde,App,SP,1,1,1,200.68,200.680000,200.68,0
2025-12,2025,4,Enterprise,Varejo,Premiações,Saúde,Físico,RJ,1,1,1,647.07,647.070000,647.07,0
2025-12,2025,4,Mid-Market,Logística,Caju Ciclos,Saúde,Online,PR,1,1,1,456.25,456.250000,456.25,0
2025-12,2025,4,Mid-Market,Logística,Cartão Multi Benefícios,Saúde,Físico,SP,1,1,1,762.98,762.980000,762.98,0
2025-12,2025,4,Mid-Market,Varejo,Despesas Corporativas,Saúde,Online,RJ,1,1,1,216.01,216.010000,216.01,0
2025-12,2025,4,Enterprise,Tecnologia,Despesas Corporativas,Saúde,Físico,RS,1,1,1,328.16,328.160000,328.16,0
2026-01,2026,1,Enterprise,Financeiro,Cartão Multi Benefícios,Alimentação,Físico,SP,1,1,1,737.17,737.170000,737.17,0
2026-01,2026,1,Mid-Market,Varejo,Caju Ciclos,Alimentação,App,MG,1,1,1,149.41,149.410000,149.41,0
2026-01,2026,1,Enterprise,Financeiro,Premiações,Alimentação,Físico,SP,1,1,1,359.33,359.330000,359.33,0
2026-01,2026,1,SMB,Construção,Cartão Multi Benefícios,Alimentação,App,SP,1,1,1,648.67,648.670000,648.67,0
2026-01,2026,1,SMB,Construção,Premiações,Alimentação,Online,PR,1,1,1,768.77,768.770000,768.77,0
2026-01,2026,1,SMB,Educação,Caju Ciclos,Alimentação,App,SP,1,1,1,346.43,346.430000,346.43,0
2026-01,2026,1,SMB,Educação,Cartão Multi Benefícios,Alimentação,Físico,MG,1,1,1,26.31,26.310000,26.31,0
2026-01,2026,1,SMB,Tecnologia,Cartão Multi Benefícios,Alimentação,Online,MG,1,1,1,384.22,384.220000,384.22,0
2026-01,2026,1,SMB,Tecnologia,Premiações,Alimentação,Físico,RJ,1,1,1,141.25,141.250000,141.25,0
2026-01,2026,1,SMB,Tecnologia,Premiações,Cultura,Online,RS,1,1,1,600.72,600.720000,600.72,0
2026-01,2026,1,SMB,Tecnologia,Caju Ciclos,Cultura,Físico,MG,1,1,1,753.97,753.970000,753.97,0
2026-01,2026,1,Mid-Market,Varejo,Premiações,Cultura,Físico,PR,1,1,1,500.15,500.150000,500.15,0
2026-01,2026,1,Enterprise,Tecnologia,Cartão Multi Benefícios,Cultura,Físico,SP,3,1,1,492.36,164.120000,0.00,3
2026-01,2026,1,Enterprise,Tecnologia,Premiações,Cultura,Físico,RS,1,1,1,157.82,157.820000,157.82,0
2026-01,2026,1,Mid-Market,Agronegócio,Cartão Multi Benefícios,Cultura,Físico,SP,1,1,1,577.34,577.340000,577.34,0
2026-01,2026,1,Enterprise,Financeiro,Cartão Multi Benefícios,Cultura,Físico,SP,1,1,1,19.41,19.410000,19.41,0
2026-01,2026,1,Enterprise,Financeiro,Cartão Multi Benefícios,Educação,Online,RS,1,1,1,29.13,29.130000,29.13,0
2026-01,2026,1,Enterprise,Financeiro,Caju Ciclos,Educação,Físico,MG,1,1,1,262.38,262.380000,262.38,0
2026-01,2026,1,Enterprise,Financeiro,Despesas Corporativas,Educação,Online,RJ,1,1,1,269.02,269.020000,269.02,0
2026-01,2026,1,Mid-Market,Agronegócio,Premiações,Educação,App,RS,1,1,1,748.67,748.670000,748.67,0
2026-01,2026,1,Mid-Market,Logística,Premiações,Educação,App,SP,3,1,1,1785.30,595.100000,0.00,3
2026-01,2026,1,SMB,Saúde,Cartão Multi Benefícios,Educação,Online,SP,1,1,1,39.71,39.710000,39.71,0
2026-01,2026,1,SMB,Tecnologia,Cartão Multi Benefícios,Educação,App,RJ,1,1,1,162.94,162.940000,162.94,0
2026-01,2026,1,SMB,Construção,Caju Ciclos,Educação,Físico,PR,1,1,1,94.93,94.930000,94.93,0
2026-01,2026,1,SMB,Saúde,Cartão Multi Benefícios,Flex,Físico,MG,1,1,1,469.35,469.350000,469.35,0
2026-01,2026,1,SMB,Construção,Cartão Multi Benefícios,Flex,Físico,RS,1,1,1,623.89,623.890000,623.89,0
2026-01,2026,1,SMB,Educação,Despesas Corporativas,Flex,App,PR,1,1,1,338.83,338.830000,338.83,0
2026-01,2026,1,SMB,Educação,Despesas Corporativas,Flex,Online,RJ,1,1,1,194.98,194.980000,194.98,0
2026-01,2026,1,SMB,Construção,Premiações,Flex,Online,MG,1,1,1,623.78,623.780000,623.78,0
2026-01,2026,1,Mid-Market,Logística,Premiações,Flex,App,RS,1,1,1,514.64,514.640000,514.64,0
2026-01,2026,1,Mid-Market,Logística,Premiações,Flex,Físico,MG,1,1,1,476.11,476.110000,476.11,0
2026-01,2026,1,Enterprise,Tecnologia,Premiações,Flex,App,RS,3,1,1,1861.47,620.490000,0.00,3
2026-01,2026,1,Enterprise,Financeiro,Caju Ciclos,Flex,App,PR,1,1,1,364.34,364.340000,364.34,0
2026-01,2026,1,Enterprise,Financeiro,Caju Ciclos,Flex,Online,RJ,1,1,1,592.64,592.640000,592.64,0
2026-01,2026,1,Mid-Market,Agronegócio,Cartão Multi Benefícios,Home Office,App,SP,1,1,1,717.03,717.030000,717.03,0
2026-01,2026,1,Mid-Market,Agronegócio,Cartão Multi Benefícios,Home Office,Online,MG,1,1,1,157.20,157.200000,157.20,0
2026-01,2026,1,Mid-Market,Agronegócio,Cartão Multi Benefícios,Home Office,Online,SP,1,1,1,598.64,598.640000,598.64,0
2026-01,2026,1,Enterprise,Tecnologia,Despesas Corporativas,Home Office,Online,PR,1,1,1,794.49,794.490000,794.49,0
2026-01,2026,1,Mid-Market,Varejo,Caju Ciclos,Home Office,Online,RJ,1,1,1,672.14,672.140000,672.14,0
2026-01,2026,1,Mid-Market,Logística,Despesas Corporativas,Home Office,Físico,MG,1,1,1,278.12,278.120000,278.12,0
2026-01,2026,1,SMB,Construção,Despesas Corporativas,Home Office,Online,SP,3,1,1,849.33,283.110000,0.00,3
2026-01,2026,1,Mid-Market,Varejo,Despesas Corporativas,Home Office,Físico,RS,1,1,1,489.94,489.940000,489.94,0
2026-01,2026,1,Mid-Market,Varejo,Premiações,Home Office,Físico,MG,1,1,1,409.74,409.740000,409.74,0
2026-01,2026,1,SMB,Tecnologia,Caju Ciclos,Home Office,Online,PR,1,1,1,89.98,89.980000,89.98,0
2026-01,2026,1,SMB,Educação,Premiações,Home Office,Online,SP,1,1,1,288.84,288.840000,288.84,0
2026-01,2026,1,SMB,Saúde,Caju Ciclos,Home Office,App,PR,1,1,1,73.72,73.720000,73.72,0
2026-01,2026,1,SMB,Saúde,Caju Ciclos,Home Office,Físico,RS,1,1,1,766.52,766.520000,766.52,0
2026-01,2026,1,SMB,Saúde,Cartão Multi Benefícios,Mobilidade,Online,RS,1,1,1,424.70,424.700000,424.70,0
2026-01,2026,1,SMB,Saúde,Despesas Corporativas,Mobilidade,Online,RJ,1,1,1,156.42,156.420000,156.42,0
2026-01,2026,1,SMB,Tecnologia,Premiações,Mobilidade,App,RS,1,1,1,528.54,528.540000,528.54,0
2026-01,2026,1,SMB,Tecnologia,Premiações,Mobilidade,Online,RJ,1,1,1,24.26,24.260000,24.26,0
2026-01,2026,1,Mid-Market,Varejo,Despesas Corporativas,Mobilidade,Físico,MG,1,1,1,177.40,177.400000,177.40,0
2026-01,2026,1,SMB,Construção,Cartão Multi Benefícios,Mobilidade,Online,RS,1,1,1,235.26,235.260000,235.26,0
2026-01,2026,1,SMB,Educação,Cartão Multi Benefícios,Mobilidade,Online,PR,1,1,1,138.11,138.110000,138.11,0
2026-01,2026,1,Mid-Market,Agronegócio,Caju Ciclos,Mobilidade,Online,SP,1,1,1,42.12,42.120000,42.12,0
2026-01,2026,1,Enterprise,Financeiro,Despesas Corporativas,Mobilidade,App,PR,1,1,1,627.01,627.010000,627.01,0
2026-01,2026,1,Enterprise,Tecnologia,Premiações,Refeição,Online,SP,1,1,1,615.96,615.960000,615.96,0
2026-01,2026,1,Mid-Market,Agronegócio,Cartão Multi Benefícios,Refeição,Online,RJ,1,1,1,344.12,344.120000,344.12,0
2026-01,2026,1,Mid-Market,Agronegócio,Despesas Corporativas,Refeição,Físico,PR,1,1,1,600.03,600.030000,600.03,0
2026-01,2026,1,Mid-Market,Agronegócio,Despesas Corporativas,Refeição,Online,PR,1,1,1,107.80,107.800000,107.80,0
2026-01,2026,1,Mid-Market,Varejo,Cartão Multi Benefícios,Refeição,Online,MG,1,1,1,144.36,144.360000,144.36,0
2026-01,2026,1,Mid-Market,Logística,Premiações,Refeição,Físico,RJ,1,1,1,749.05,749.050000,749.05,0
2026-01,2026,1,Enterprise,Financeiro,Cartão Multi Benefícios,Refeição,App,SP,1,1,1,524.07,524.070000,524.07,0
2026-01,2026,1,SMB,Educação,Despesas Corporativas,Refeição,Físico,PR,1,1,1,771.71,771.710000,771.71,0
2026-01,2026,1,Mid-Market,Varejo,Premiações,Refeição,Online,RJ,1,1,1,130.57,130.570000,130.57,0
2026-01,2026,1,SMB,Tecnologia,Premiações,Refeição,App,PR,3,1,1,1406.97,468.990000,0.00,3
2026-01,2026,1,SMB,Tecnologia,Cartão Multi Benefícios,Saúde,Físico,RJ,1,1,1,727.12,727.120000,727.12,0
2026-01,2026,1,SMB,Tecnologia,Despesas Corporativas,Saúde,Online,PR,1,1,1,553.17,553.170000,553.17,0
2026-01,2026,1,Mid-Market,Varejo,Premiações,Saúde,Online,PR,1,1,1,556.11,556.110000,556.11,0
2026-01,2026,1,SMB,Construção,Despesas Corporativas,Saúde,Físico,PR,1,1,1,158.83,158.830000,158.83,0
2026-01,2026,1,Enterprise,Financeiro,Cartão Multi Benefícios,Saúde,App,SP,1,1,1,39.78,39.780000,39.78,0
2026-01,2026,1,Mid-Market,Agronegócio,Premiações,Saúde,Online,RJ,1,1,1,772.89,772.890000,772.89,0
2026-01,2026,1,Mid-Market,Agronegócio,Premiações,Saúde,Online,SP,1,1,1,398.62,398.620000,398.62,0
2026-01,2026,1,Mid-Market,Varejo,Cartão Multi Benefícios,Saúde,App,RS,1,1,1,500.44,500.440000,500.44,0
2026-01,2026,1,Mid-Market,Varejo,Cartão Multi Benefícios,Saúde,Físico,MG,1,1,1,406.14,406.140000,406.14,0
2026-01,2026,1,Mid-Market,Varejo,Cartão Multi Benefícios,Saúde,Físico,PR,1,1,1,62.98,62.980000,62.98,0
2026-01,2026,1,Mid-Market,Varejo,Caju Ciclos,Saúde,Físico,RS,1,1,1,566.01,566.010000,566.01,0
2026-01,2026,1,Mid-Market,Agronegócio,Despesas Corporativas,Saúde,Físico,PR,1,1,1,105.11,105.110000,105.11,0
2026-01,2026,1,Enterprise,Varejo,Caju Ciclos,Saúde,Físico,RJ,1,1,1,583.95,583.950000,583.95,0
2026-01,2026,1,Enterprise,Varejo,Premiações,Saúde,App,PR,1,1,1,335.34,335.340000,335.34,0
2026-01,2026,1,Enterprise,Varejo,Premiações,Saúde,App,RS,1,1,1,457.23,457.230000,457.23,0
2026-01,2026,1,Enterprise,Tecnologia,Cartão Multi Benefícios,Saúde,Físico,RJ,3,1,1,878.52,292.840000,0.00,3
2026-02,2026,1,Enterprise,Financeiro,Caju Ciclos,Alimentação,App,RS,3,1,1,1361.79,453.930000,0.00,3
2026-02,2026,1,Enterprise,Financeiro,Despesas Corporativas,Alimentação,App,RS,1,1,1,257.80,257.800000,257.80,0
2026-02,2026,1,Enterprise,Financeiro,Despesas Corporativas,Alimentação,Físico,RJ,1,1,1,254.27,254.270000,254.27,0
2026-02,2026,1,Enterprise,Tecnologia,Cartão Multi Benefícios,Alimentação,Físico,MG,1,1,1,211.20,211.200000,211.20,0
2026-02,2026,1,Enterprise,Varejo,Cartão Multi Benefícios,Alimentação,App,RS,1,1,1,249.40,249.400000,249.40,0
2026-02,2026,1,SMB,Construção,Cartão Multi Benefícios,Alimentação,App,RS,1,1,1,772.70,772.700000,772.70,0
2026-02,2026,1,SMB,Educação,Cartão Multi Benefícios,Alimentação,Físico,SP,1,1,1,771.15,771.150000,0.00,0
2026-02,2026,1,SMB,Tecnologia,Cartão Multi Benefícios,Alimentação,Físico,RS,1,1,1,148.42,148.420000,148.42,0
2026-02,2026,1,SMB,Tecnologia,Premiações,Alimentação,App,RS,1,1,1,283.44,283.440000,283.44,0
2026-02,2026,1,SMB,Tecnologia,Premiações,Cultura,App,PR,1,1,1,6.42,6.420000,6.42,0
2026-02,2026,1,SMB,Tecnologia,Cartão Multi Benefícios,Cultura,App,SP,1,1,1,556.43,556.430000,556.43,0
2026-02,2026,1,SMB,Tecnologia,Cartão Multi Benefícios,Cultura,Online,RS,1,1,1,602.23,602.230000,602.23,0
2026-02,2026,1,SMB,Educação,Caju Ciclos,Cultura,App,PR,1,1,1,107.64,107.640000,107.64,0
2026-02,2026,1,SMB,Construção,Cartão Multi Benefícios,Cultura,App,MG,3,1,1,1162.11,387.370000,0.00,3
2026-02,2026,1,SMB,Construção,Premiações,Cultura,Físico,RJ,1,1,1,669.57,669.570000,669.57,0
2026-02,2026,1,SMB,Construção,Premiações,Cultura,Online,RS,1,1,1,211.81,211.810000,211.81,0
2026-02,2026,1,Mid-Market,Varejo,Cartão Multi Benefícios,Cultura,Online,PR,1,1,1,792.35,792.350000,792.35,0
2026-02,2026,1,Enterprise,Varejo,Caju Ciclos,Cultura,Físico,PR,1,1,1,383.84,383.840000,383.84,0
2026-02,2026,1,Enterprise,Varejo,Caju Ciclos,Cultura,Online,RS,1,1,1,99.66,99.660000,99.66,0
2026-02,2026,1,Enterprise,Financeiro,Despesas Corporativas,Cultura,Online,MG,1,1,1,162.40,162.400000,0.00,0
2026-02,2026,1,Enterprise,Financeiro,Cartão Multi Benefícios,Cultura,Físico,MG,1,1,1,256.94,256.940000,256.94,0
2026-02,2026,1,Enterprise,Tecnologia,Caju Ciclos,Educação,App,PR,1,1,1,684.44,684.440000,684.44,0
2026-02,2026,1,Enterprise,Tecnologia,Caju Ciclos,Educação,App,RS,1,1,1,793.88,793.880000,793.88,0
2026-02,2026,1,Enterprise,Tecnologia,Caju Ciclos,Educação,Online,RS,1,1,1,143.59,143.590000,143.59,0
2026-02,2026,1,Enterprise,Tecnologia,Despesas Corporativas,Educação,Físico,RJ,1,1,1,644.02,644.020000,644.02,0
2026-02,2026,1,Enterprise,Varejo,Premiações,Educação,App,RJ,3,1,1,560.64,186.880000,0.00,3
2026-02,2026,1,Enterprise,Varejo,Premiações,Educação,App,SP,1,1,1,74.59,74.590000,74.59,0
2026-02,2026,1,Enterprise,Varejo,Premiações,Educação,Online,PR,1,1,1,711.05,711.050000,711.05,0
2026-02,2026,1,Mid-Market,Agronegócio,Despesas Corporativas,Educação,App,MG,1,1,1,435.15,435.150000,435.15,0
2026-02,2026,1,Mid-Market,Logística,Premiações,Educação,Online,RJ,1,1,1,70.02,70.020000,70.02,0
2026-02,2026,1,Mid-Market,Varejo,Cartão Multi Benefícios,Educação,Online,PR,1,1,1,106.11,106.110000,106.11,0
2026-02,2026,1,Mid-Market,Varejo,Premiações,Educação,App,SP,1,1,1,224.84,224.840000,224.84,0
2026-02,2026,1,Mid-Market,Varejo,Premiações,Educação,Físico,RS,1,1,1,534.78,534.780000,534.78,0
2026-02,2026,1,SMB,Construção,Premiações,Educação,App,RJ,1,1,1,454.56,454.560000,454.56,0
2026-02,2026,1,SMB,Construção,Premiações,Educação,Físico,PR,1,1,1,552.37,552.370000,552.37,0
2026-02,2026,1,SMB,Educação,Cartão Multi Benefícios,Educação,App,SP,1,1,1,26.43,26.430000,26.43,0
2026-02,2026,1,SMB,Educação,Cartão Multi Benefícios,Educação,Físico,RJ,1,1,1,99.03,99.030000,99.03,0
2026-02,2026,1,SMB,Educação,Cartão Multi Benefícios,Educação,Online,RS,1,1,1,405.09,405.090000,405.09,0
2026-02,2026,1,SMB,Tecnologia,Premiações,Educação,App,RJ,1,1,1,407.10,407.100000,407.10,0
2026-02,2026,1,SMB,Tecnologia,Caju Ciclos,Educação,Online,PR,1,1,1,703.77,703.770000,703.77,0
2026-02,2026,1,SMB,Educação,Cartão Multi Benefícios,Flex,Físico,PR,1,1,1,690.27,690.270000,690.27,0
2026-02,2026,1,SMB,Construção,Caju Ciclos,Flex,App,SP,1,1,1,629.97,629.970000,629.97,0
2026-02,2026,1,SMB,Tecnologia,Cartão Multi Benefícios,Flex,Físico,RJ,1,1,1,760.68,760.680000,760.68,0
2026-02,2026,1,SMB,Construção,Despesas Corporativas,Flex,Físico,MG,1,1,1,192.99,192.990000,192.99,0
2026-02,2026,1,SMB,Construção,Despesas Corporativas,Flex,Físico,RS,1,1,1,649.65,649.650000,649.65,0
2026-02,2026,1,Mid-Market,Varejo,Despesas Corporativas,Flex,App,MG,2,2,1,836.22,418.110000,836.22,0
2026-02,2026,1,Mid-Market,Agronegócio,Cartão Multi Benefícios,Flex,App,RS,1,1,1,247.45,247.450000,247.45,0
2026-02,2026,1,Enterprise,Tecnologia,Despesas Corporativas,Flex,App,SP,3,1,1,1083.66,361.220000,0.00,3
2026-02,2026,1,Enterprise,Tecnologia,Premiações,Home Office,Online,PR,1,1,1,153.62,153.620000,153.62,0
2026-02,2026,1,Enterprise,Tecnologia,Cartão Multi Benefícios,Home Office,App,MG,1,1,1,459.21,459.210000,459.21,0
2026-02,2026,1,Enterprise,Tecnologia,Caju Ciclos,Home Office,Físico,RS,1,1,1,499.05,499.050000,499.05,0
2026-02,2026,1,Mid-Market,Agronegócio,Caju Ciclos,Home Office,Físico,RJ,1,1,1,228.19,228.190000,228.19,0
2026-02,2026,1,Mid-Market,Logística,Premiações,Home Office,Físico,SP,1,1,1,168.77,168.770000,168.77,0
2026-02,2026,1,Mid-Market,Agronegócio,Despesas Corporativas,Home Office,App,PR,1,1,1,527.51,527.510000,527.51,0
2026-02,2026,1,Mid-Market,Varejo,Despesas Corporativas,Home Office,Online,MG,1,1,1,133.48,133.480000,133.48,0
2026-02,2026,1,Mid-Market,Varejo,Cartão Multi Benefícios,Home Office,Físico,SP,1,1,1,160.60,160.600000,160.60,0
2026-02,2026,1,SMB,Construção,Despesas Corporativas,Home Office,Online,MG,1,1,1,260.72,260.720000,260.72,0
2026-02,2026,1,SMB,Tecnologia,Despesas Corporativas,Home Office,Físico,PR,1,1,1,692.14,692.140000,692.14,0
2026-02,2026,1,SMB,Tecnologia,Despesas Corporativas,Mobilidade,App,RS,1,1,1,116.61,116.610000,116.61,0
2026-02,2026,1,SMB,Saúde,Despesas Corporativas,Mobilidade,Online,RS,1,1,1,234.49,234.490000,234.49,0
2026-02,2026,1,SMB,Saúde,Premiações,Mobilidade,App,RS,1,1,1,116.50,116.500000,116.50,0
2026-02,2026,1,SMB,Construção,Premiações,Mobilidade,App,MG,3,1,1,1030.65,343.550000,0.00,3
2026-02,2026,1,SMB,Construção,Premiações,Mobilidade,App,PR,1,1,1,549.95,549.950000,0.00,0
2026-02,2026,1,SMB,Construção,Premiações,Mobilidade,Online,MG,1,1,1,154.60,154.600000,154.60,0
2026-02,2026,1,Mid-Market,Varejo,Cartão Multi Benefícios,Mobilidade,App,PR,1,1,1,189.12,189.120000,0.00,0
2026-02,2026,1,Mid-Market,Varejo,Despesas Corporativas,Mobilidade,App,SP,1,1,1,182.52,182.520000,182.52,0
2026-02,2026,1,Mid-Market,Varejo,Premiações,Mobilidade,App,PR,1,1,1,327.66,327.660000,327.66,0
2026-02,2026,1,Mid-Market,Logística,Cartão Multi Benefícios,Mobilidade,App,SP,1,1,1,79.37,79.370000,79.37,0
2026-02,2026,1,Enterprise,Varejo,Despesas Corporativas,Mobilidade,Online,SP,1,1,1,111.35,111.350000,111.35,0
2026-02,2026,1,Enterprise,Tecnologia,Caju Ciclos,Mobilidade,Online,SP,1,1,1,570.70,570.700000,570.70,0
2026-02,2026,1,Enterprise,Financeiro,Premiações,Mobilidade,App,RJ,1,1,1,187.09,187.090000,187.09,0
2026-02,2026,1,Enterprise,Financeiro,Premiações,Refeição,Físico,PR,1,1,1,131.26,131.260000,131.26,0
2026-02,2026,1,Enterprise,Financeiro,Premiações,Refeição,Online,RS,1,1,1,61.62,61.620000,61.62,0
2026-02,2026,1,Enterprise,Varejo,Despesas Corporativas,Refeição,Online,SP,1,1,1,179.39,179.390000,179.39,0
2026-02,2026,1,Mid-Market,Agronegócio,Caju Ciclos,Refeição,App,SP,1,1,1,193.87,193.870000,0.00,0
2026-02,2026,1,Mid-Market,Logística,Cartão Multi Benefícios,Refeição,Online,RJ,1,1,1,577.14,577.140000,577.14,0
2026-02,2026,1,Mid-Market,Logística,Despesas Corporativas,Refeição,Online,RJ,1,1,1,37.60,37.600000,37.60,0
2026-02,2026,1,Mid-Market,Varejo,Caju Ciclos,Refeição,Físico,RS,1,1,1,254.72,254.720000,254.72,0
2026-02,2026,1,SMB,Saúde,Premiações,Refeição,App,PR,1,1,1,21.33,21.330000,21.33,0
2026-02,2026,1,SMB,Educação,Despesas Corporativas,Refeição,Físico,PR,1,1,1,419.63,419.630000,419.63,0
2026-02,2026,1,SMB,Educação,Despesas Corporativas,Refeição,Online,PR,1,1,1,579.51,579.510000,579.51,0
2026-02,2026,1,SMB,Construção,Caju Ciclos,Refeição,App,RJ,1,1,1,483.20,483.200000,483.20,0
2026-02,2026,1,SMB,Construção,Caju Ciclos,Refeição,Físico,MG,2,2,1,622.97,311.485000,622.97,0
2026-02,2026,1,SMB,Educação,Cartão Multi Benefícios,Refeição,Online,SP,3,1,1,891.81,297.270000,0.00,3
2026-02,2026,1,SMB,Tecnologia,Caju Ciclos,Refeição,Online,PR,1,1,1,615.78,615.780000,615.78,0
2026-02,2026,1,SMB,Saúde,Cartão Multi Benefícios,Refeição,Online,MG,1,1,1,458.83,458.830000,458.83,0
2026-02,2026,1,SMB,Educação,Cartão Multi Benefícios,Saúde,Físico,SP,3,1,1,2206.26,735.420000,0.00,3
2026-02,2026,1,SMB,Educação,Caju Ciclos,Saúde,Online,RJ,1,1,1,80.25,80.250000,80.25,0
2026-02,2026,1,SMB,Educação,Premiações,Saúde,App,PR,1,1,1,62.07,62.070000,62.07,0
2026-02,2026,1,Mid-Market,Varejo,Caju Ciclos,Saúde,Online,SP,3,1,1,1708.41,569.470000,0.00,3
2026-02,2026,1,Enterprise,Financeiro,Premiações,Saúde,Físico,MG,1,1,1,429.40,429.400000,429.40,0
2026-02,2026,1,Enterprise,Varejo,Cartão Multi Benefícios,Saúde,Físico,MG,1,1,1,187.58,187.580000,187.58,0
2026-03,2026,1,Enterprise,Tecnologia,Premiações,Alimentação,Físico,RS,1,1,1,658.72,658.720000,658.72,0
2026-03,2026,1,Enterprise,Financeiro,Cartão Multi Benefícios,Alimentação,Online,PR,1,1,1,662.23,662.230000,0.00,0
2026-03,2026,1,Mid-Market,Agronegócio,Despesas Corporativas,Alimentação,Online,MG,1,1,1,67.80,67.800000,67.80,0
2026-03,2026,1,Mid-Market,Varejo,Premiações,Alimentação,Físico,RS,1,1,1,45.80,45.800000,45.80,0
2026-03,2026,1,SMB,Tecnologia,Despesas Corporativas,Alimentação,App,RJ,1,1,1,162.82,162.820000,162.82,0
2026-03,2026,1,Mid-Market,Logística,Caju Ciclos,Cultura,Online,MG,1,1,1,95.86,95.860000,95.86,0
2026-03,2026,1,SMB,Construção,Premiações,Cultura,Físico,PR,1,1,1,664.56,664.560000,0.00,0
2026-03,2026,1,SMB,Educação,Despesas Corporativas,Cultura,App,SP,1,1,1,745.37,745.370000,745.37,0
2026-03,2026,1,Enterprise,Varejo,Cartão Multi Benefícios,Cultura,Online,RJ,1,1,1,643.19,643.190000,0.00,0
2026-03,2026,1,SMB,Construção,Caju Ciclos,Educação,Físico,RS,3,1,1,278.31,92.770000,0.00,3
2026-03,2026,1,SMB,Tecnologia,Caju Ciclos,Educação,Online,MG,3,1,1,1085.13,361.710000,0.00,3
2026-03,2026,1,SMB,Tecnologia,Cartão Multi Benefícios,Educação,Online,MG,1,1,1,231.12,231.120000,231.12,0
2026-03,2026,1,SMB,Tecnologia,Cartão Multi Benefícios,Educação,Online,SP,1,1,1,228.76,228.760000,228.76,0
2026-03,2026,1,SMB,Saúde,Premiações,Flex,Físico,PR,1,1,1,485.25,485.250000,485.25,0
2026-03,2026,1,Mid-Market,Agronegócio,Premiações,Flex,Online,SP,1,1,1,733.05,733.050000,733.05,0
2026-03,2026,1,Mid-Market,Varejo,Premiações,Flex,Físico,RJ,1,1,1,583.03,583.030000,583.03,0
2026-03,2026,1,Mid-Market,Varejo,Premiações,Flex,Online,PR,1,1,1,659.82,659.820000,659.82,0
2026-03,2026,1,Enterprise,Tecnologia,Caju Ciclos,Flex,Online,PR,1,1,1,233.06,233.060000,233.06,0
2026-03,2026,1,Enterprise,Tecnologia,Caju Ciclos,Flex,Online,RJ,1,1,1,190.67,190.670000,190.67,0
2026-03,2026,1,Enterprise,Financeiro,Caju Ciclos,Flex,App,RS,1,1,1,647.46,647.460000,647.46,0
2026-03,2026,1,Enterprise,Financeiro,Caju Ciclos,Home Office,Online,RJ,1,1,1,243.32,243.320000,243.32,0
2026-03,2026,1,Enterprise,Tecnologia,Caju Ciclos,Mobilidade,App,MG,1,1,1,679.72,679.720000,679.72,0
2026-03,2026,1,Mid-Market,Varejo,Caju Ciclos,Mobilidade,Online,RJ,1,1,1,134.26,134.260000,134.26,0
2026-03,2026,1,Enterprise,Tecnologia,Despesas Corporativas,Mobilidade,App,RJ,1,1,1,637.21,637.210000,637.21,0
2026-03,2026,1,SMB,Educação,Premiações,Mobilidade,App,PR,1,1,1,400.18,400.180000,400.18,0
2026-03,2026,1,SMB,Educação,Caju Ciclos,Refeição,Online,RS,1,1,1,73.34,73.340000,73.34,0
2026-03,2026,1,Enterprise,Tecnologia,Cartão Multi Benefícios,Refeição,Online,PR,1,1,1,250.48,250.480000,250.48,0
2026-03,2026,1,Enterprise,Financeiro,Despesas Corporativas,Refeição,App,RJ,1,1,1,50.91,50.910000,50.91,0
2026-03,2026,1,Enterprise,Tecnologia,Caju Ciclos,Saúde,Físico,PR,1,1,1,286.36,286.360000,286.36,0
2026-03,2026,1,SMB,Construção,Caju Ciclos,Saúde,Físico,RS,1,1,1,272.91,272.910000,272.91,0
2026-03,2026,1,Mid-Market,Varejo,Cartão Multi Benefícios,Saúde,Online,PR,1,1,1,641.67,641.670000,641.67,0
2026-03,2026,1,Mid-Market,Varejo,Premiações,Saúde,Físico,RS,1,1,1,368.52,368.520000,368.52,0
